# WaveFront *.obj file (generated by Autodesk ATF)

mtllib citbinHalterung_Schieber.mtl

g Körper10

v -2.714505 -6.078661 3.457671
v -2.714505 -5.846748 3.457671
v -2.734480 -5.846748 3.458163
v -2.734480 -6.078661 3.458653
v -2.723557 -6.085000 3.273600
v -2.743533 -6.085000 3.274583
v -2.743538 -5.846748 2.867329
v -2.743538 -6.085000 2.867329
v -2.763514 -6.085000 2.868311
v -2.763514 -5.846748 2.867819
v -2.735977 -5.851327 3.428229
v -2.737484 -5.854081 3.397585
v -2.738996 -5.855000 3.366429
v -2.758998 -5.855000 2.959729
v -2.760542 -5.854041 2.928726
v -2.762033 -5.851288 2.898411
v -3.250008 -5.855000 2.959150
v -3.929817 -5.855000 2.959150
v -4.451267 -5.855000 2.959150
v -4.402183 -5.848342 2.876605
v -4.338560 -5.831733 2.806102
v -4.321337 -5.826781 2.791016
v -4.308509 -5.822134 2.778128
v -4.298120 -5.816166 2.762969
v -4.290704 -5.808945 2.746283
v -4.286552 -5.800719 2.729036
v -4.285449 -5.791973 2.712280
v -4.287173 -5.782551 2.695785
v -4.291653 -5.772482 2.679540
v -4.298826 -5.762211 2.664255
v -4.298839 -5.762196 2.664233
v -4.310712 -5.750222 2.647799
v -4.325567 -5.739502 2.634159
v -4.344231 -5.730269 2.623123
v -4.354741 -5.726748 2.619073
v -4.365779 -5.724218 2.616213
v -4.377072 -5.722767 2.614597
v -4.388359 -5.722477 2.614278
v -4.399677 -5.723379 2.615275
v -4.410871 -5.725400 2.617543
v -4.421669 -5.728456 2.621027
v -4.431816 -5.732429 2.625651
v -4.449533 -5.742179 2.637472
v -4.353152 -5.677509 2.570161
v -4.240827 -5.606038 2.518213
v -4.121488 -5.546770 2.487482
v -4.068229 -5.531051 2.480884
v -4.011164 -5.525000 2.478526
v 3.305000 -5.525000 2.478526
v 3.305000 -5.634227 2.536474
v 3.305000 -5.726494 2.618787
v 3.305000 -5.796482 2.720720
v 3.305000 -5.840157 2.836397
v 3.305000 -5.855000 2.959150
v 2.769058 -5.855000 2.959150
v 2.770860 -5.853696 2.922520
v 2.772652 -5.849789 2.886075
v 2.774426 -5.843300 2.850000
v -4.056337 -5.843300 2.850000
v -4.056337 -5.844516 2.855763
v -4.056337 -5.845665 2.861540
v -4.056337 -5.846748 2.867329
v -1.865844 -5.840231 2.836700
v 0.719578 -5.840194 2.836549
v -1.865844 -5.796592 2.720930
v 0.719578 -5.796537 2.720825
v -1.865844 -5.726665 2.618981
v 0.719578 -5.726580 2.618884
v -1.865844 -5.634292 2.536519
v 0.719578 -5.634260 2.536496
v -3.929817 -5.860318 2.959150
v -3.329817 -6.078700 2.959150
v -3.329817 -6.078700 3.365850
v -3.929817 -5.860318 3.365850
v -3.250008 -6.078700 2.959150
v -3.250008 -6.078700 3.365850
v -3.250008 -5.855000 3.365850
v -3.929817 -5.855000 3.365850
v -4.451267 -5.855000 3.365850
v -4.484666 -5.855000 3.266603
v -4.495975 -5.855000 3.162500
v -4.484666 -5.855000 3.058397
v -4.391237 -6.070096 2.707291
v -4.398670 -6.077789 2.698389
v -4.407102 -6.082324 2.688290
v -4.415994 -6.083412 2.677641
v -4.424776 -6.080983 2.667122
v -4.432887 -6.075193 2.657409
v -4.439806 -6.066412 2.649121
v -4.445091 -6.055202 2.642791
v -4.448404 -6.042282 2.638824
v -4.449533 -6.028477 2.637472
v -4.438437 -6.028137 2.629431
v -4.426494 -6.027131 2.623049
v -4.423102 -6.040499 2.623419
v -4.418503 -6.053025 2.626922
v -4.412986 -6.063923 2.633337
v -4.406898 -6.072505 2.642259
v -4.400622 -6.078232 2.653129
v -4.394554 -6.080744 2.665262
v -4.389074 -6.079883 2.677894
v -4.384529 -6.075702 2.690231
v -4.381203 -6.068466 2.701496
v -4.386463 -6.069685 2.703961
v -4.437024 -6.036091 2.629270
v -4.435336 -6.043892 2.630317
v -4.433097 -6.051361 2.632325
v -4.430357 -6.058337 2.635247
v -4.427166 -6.064660 2.639038
v -4.423577 -6.070176 2.643643
v -4.419672 -6.074787 2.648953
v -4.415543 -6.078421 2.654837
v -4.410487 -6.081357 2.662365
v -4.405398 -6.082695 2.670291
v -4.398178 -6.081618 2.682174
v -4.391646 -6.077121 2.693682
v -4.413709 -6.024860 2.618312
v -4.401873 -6.021273 2.615591
v -4.381669 -6.011913 2.614303
v -4.365381 -6.001077 2.616263
v -4.352146 -5.989564 2.619934
v -4.332165 -5.965364 2.629606
v -4.318477 -5.940339 2.639964
v -4.303459 -5.889131 2.656961
v -4.300148 -5.863156 2.662031
v -4.298862 -5.837024 2.664194
v -4.298839 -5.834969 2.664233
v -4.302386 -5.947237 2.667466
v -4.308545 -5.979036 2.669974
v -4.320369 -6.012157 2.674313
v -4.329500 -6.028766 2.677742
v -4.341840 -6.044918 2.682678
v -4.358618 -6.059283 2.690082
v -4.369172 -6.064890 2.695199
v -4.298937 -5.875356 2.664248
v -4.329142 -5.965575 2.631643
v -4.389047 -6.022891 2.614613
v -4.350788 -6.056467 2.677795
v -4.417938 -6.033569 2.620222
v -4.377029 -6.072587 2.689193
v -4.414955 -6.040697 2.620866
v -4.411704 -6.047544 2.622512
v -4.408252 -6.053972 2.625122
v -4.403675 -6.061327 2.629776
v -4.400133 -6.066159 2.634262
v -4.396608 -6.070250 2.639459
v -4.393165 -6.073543 2.645255
v -4.389869 -6.075976 2.651536
v -4.386787 -6.077492 2.658191
v -4.383982 -6.078034 2.665105
v -4.381503 -6.077593 2.672155
v -4.379386 -6.076207 2.679211
v -4.399482 -6.027728 2.615617
v -4.395051 -6.033400 2.616243
v -4.390597 -6.038878 2.617782
v -4.386198 -6.044066 2.620206
v -4.380806 -6.050095 2.624518
v -4.376943 -6.054151 2.628675
v -4.373349 -6.057689 2.633505
v -4.370076 -6.060661 2.638916
v -4.367178 -6.063020 2.644818
v -4.364706 -6.064720 2.651119
v -4.362713 -6.065715 2.657726
v -4.361228 -6.065992 2.664538
v -4.360262 -6.065563 2.671442
v -4.359805 -6.063716 2.681396
v -4.370735 -6.070045 2.686200
v -4.372261 -6.073080 2.676093
v -4.373882 -6.074147 2.669006
v -4.375940 -6.074345 2.661964
v -4.378411 -6.073646 2.655094
v -4.381253 -6.072060 2.648513
v -4.384405 -6.069640 2.642329
v -4.387807 -6.066442 2.636648
v -4.391397 -6.062522 2.631576
v -4.395113 -6.057934 2.627220
v -4.400087 -6.051001 2.622731
v -4.403979 -6.044970 2.620243
v -4.407773 -6.038563 2.618709
v -4.411395 -6.031903 2.618161
v -4.384283 -6.027670 2.615485
v -4.379594 -6.032303 2.617171
v -4.375051 -6.036719 2.619643
v -4.369601 -6.041910 2.623876
v -4.365780 -6.045461 2.627872
v -4.362294 -6.048620 2.632468
v -4.359185 -6.051349 2.637585
v -4.356500 -6.053610 2.643149
v -4.354281 -6.055363 2.649083
v -4.352571 -6.056573 2.655310
v -4.351394 -6.057222 2.661743
v -4.350754 -6.057315 2.668288
v -4.359045 -6.002145 2.617934
v -4.354835 -6.004740 2.619653
v -4.350811 -6.007288 2.621828
v -4.347010 -6.009765 2.624438
v -4.342555 -6.012778 2.628353
v -4.339491 -6.014940 2.631751
v -4.336733 -6.016972 2.635478
v -4.334300 -6.018858 2.639498
v -4.332213 -6.020581 2.643776
v -4.330493 -6.022126 2.648278
v -4.329158 -6.023478 2.652968
v -4.328220 -6.024625 2.657807
v -4.327681 -6.025560 2.662753
v -4.327614 -6.026528 2.670034
v -4.343320 -6.048863 2.675049
v -4.343131 -6.048972 2.666102
v -4.343640 -6.048510 2.659972
v -4.344667 -6.047612 2.653961
v -4.346211 -6.046281 2.648145
v -4.348254 -6.044533 2.642598
v -4.350759 -6.042397 2.637381
v -4.353691 -6.039905 2.632558
v -4.357013 -6.037088 2.628193
v -4.360689 -6.033976 2.624347
v -4.365992 -6.029495 2.620174
v -4.370463 -6.025721 2.617636
v -4.375131 -6.021787 2.615781
v -4.379932 -6.017744 2.614638
v -4.343537 -5.986035 2.623531
v -4.340182 -5.987761 2.625457
v -4.336991 -5.989466 2.627662
v -4.333985 -5.991141 2.630133
v -4.330458 -5.993211 2.633636
v -4.328018 -5.994729 2.636555
v -4.325801 -5.996189 2.639675
v -4.323818 -5.997583 2.642977
v -4.322080 -5.998904 2.646443
v -4.320596 -6.000145 2.650054
v -4.319379 -6.001297 2.653791
v -4.318434 -6.002355 2.657634
v -4.317764 -6.003312 2.661560
v -4.317287 -6.004515 2.667362
v -4.326784 -5.966626 2.633475
v -4.324539 -5.967671 2.635448
v -4.322415 -5.968706 2.637556
v -4.319900 -5.970002 2.640422
v -4.318136 -5.970968 2.642732
v -4.316505 -5.971915 2.645147
v -4.315013 -5.972840 2.647658
v -4.313663 -5.973739 2.650259
v -4.312460 -5.974610 2.652941
v -4.311410 -5.975450 2.655697
v -4.310515 -5.976256 2.658517
v -4.309777 -5.977026 2.661393
v -4.308990 -5.978075 2.665648
v -4.307245 -5.910012 2.651908
v -4.306590 -5.910212 2.652763
v -4.305953 -5.910412 2.653631
v -4.305334 -5.910612 2.654512
v -4.304573 -5.910866 2.655649
v -4.304013 -5.911059 2.656528
v -4.303471 -5.911251 2.657417
v -4.302946 -5.911442 2.658316
v -4.302439 -5.911633 2.659226
v -4.301950 -5.911824 2.660146
v -4.301479 -5.912013 2.661075
v -4.301026 -5.912202 2.662013
v -4.300591 -5.912390 2.662960
v -4.299993 -5.912661 2.664350
v -4.303925 -5.952520 2.664829
v -4.304777 -5.951795 2.661855
v -4.305464 -5.951281 2.659841
v -4.306232 -5.950756 2.657858
v -4.307078 -5.950221 2.655912
v -4.308002 -5.949676 2.654003
v -4.309003 -5.949122 2.652136
v -4.310078 -5.948561 2.650313
v -4.311226 -5.947993 2.648537
v -4.312445 -5.947419 2.646811
v -4.314153 -5.946658 2.644623
v -4.315578 -5.946053 2.642970
v -4.317071 -5.945446 2.641380
v -4.318630 -5.944837 2.639855
v -4.301181 -5.874898 2.660370
v -4.301003 -5.874932 2.660654
v -4.300827 -5.874966 2.660938
v -4.300653 -5.875000 2.661223
v -4.300433 -5.875044 2.661586
v -4.300268 -5.875077 2.661864
v -4.300104 -5.875109 2.662143
v -4.299943 -5.875142 2.662422
v -4.299782 -5.875175 2.662703
v -4.299624 -5.875208 2.662984
v -4.299467 -5.875241 2.663266
v -4.299311 -5.875274 2.663550
v -4.299157 -5.875308 2.663834
v -4.298860 -5.837024 2.664196
v -4.298858 -5.837024 2.664199
v -4.298857 -5.837024 2.664202
v -4.298855 -5.837024 2.664205
v -4.298853 -5.837024 2.664208
v -4.298852 -5.837024 2.664211
v -4.298850 -5.837024 2.664214
v -4.298848 -5.837024 2.664216
v -4.298847 -5.837024 2.664219
v -4.298845 -5.837024 2.664222
v -4.298844 -5.837024 2.664225
v -4.298842 -5.837024 2.664227
v -4.298841 -5.837024 2.664230
v -4.298838 -5.837025 2.664234
v -4.298826 -5.831733 2.664255
v -4.289618 -5.831733 2.685613
v -4.285593 -5.831733 2.708521
v -4.286969 -5.831733 2.731740
v -4.293672 -5.831733 2.754012
v -4.305338 -5.831733 2.774133
v -4.321337 -5.831733 2.791016
v -4.325366 -5.898361 2.785090
v -4.337211 -5.961883 2.767578
v -4.356168 -6.019434 2.739294
v -4.297673 -5.937140 2.682650
v -4.312819 -5.993607 2.674589
v -4.317216 -6.002062 2.690114
v -4.324570 -6.009122 2.705205
v -4.330696 -6.012763 2.714336
v -4.342367 -6.017043 2.727650
v -4.297930 -5.943722 2.699315
v -4.301313 -5.949562 2.715923
v -4.307696 -5.954474 2.731934
v -4.313242 -5.957032 2.741558
v -4.324090 -5.960090 2.755497
v -4.312704 -5.897397 2.772711
v -4.302395 -5.895801 2.758369
v -4.297221 -5.894480 2.748437
v -4.291457 -5.891960 2.731858
v -4.288709 -5.888978 2.714592
v -4.289081 -5.885627 2.697187
v -4.292575 -5.882010 2.680182
v -4.492053 -6.070096 2.815489
v -4.562962 -6.070096 2.945268
v -4.599554 -6.070096 3.088556
v -4.599554 -6.070096 3.236443
v -4.562962 -6.070096 3.379732
v -4.492053 -6.070096 3.509511
v -4.391237 -6.070096 3.617709
v -4.398670 -6.077789 3.626610
v -4.407102 -6.082324 3.636710
v -4.415994 -6.083412 3.647359
v -4.424776 -6.080983 3.657878
v -4.432887 -6.075193 3.667591
v -4.439806 -6.066412 3.675878
v -4.445091 -6.055202 3.682209
v -4.448404 -6.042282 3.686176
v -4.449533 -6.028477 3.687528
v -4.565811 -6.028477 3.562735
v -4.647596 -6.028477 3.413051
v -4.689801 -6.028477 3.247785
v -4.689801 -6.028477 3.077215
v -4.647596 -6.028477 2.911949
v -4.565811 -6.028477 2.762265
v -4.501457 -6.077789 2.808703
v -4.512126 -6.082324 2.801005
v -4.523376 -6.083412 2.792886
v -4.534488 -6.080983 2.784868
v -4.544750 -6.075193 2.777463
v -4.553505 -6.066412 2.771146
v -4.560192 -6.055202 2.766320
v -4.564383 -6.042282 2.763295
v -4.573753 -6.077789 2.941020
v -4.585995 -6.082324 2.936200
v -4.598904 -6.083412 2.931118
v -4.611654 -6.080983 2.926099
v -4.623429 -6.075193 2.921463
v -4.633475 -6.066412 2.917508
v -4.641148 -6.055202 2.914488
v -4.645958 -6.042282 2.912594
v -4.611061 -6.077789 3.087110
v -4.624114 -6.082324 3.085470
v -4.637880 -6.083412 3.083740
v -4.651476 -6.080983 3.082031
v -4.664031 -6.075193 3.080454
v -4.674743 -6.066412 3.079107
v -4.682925 -6.055202 3.078079
v -4.688054 -6.042282 3.077435
v -4.611061 -6.077789 3.237890
v -4.624114 -6.082324 3.239530
v -4.637880 -6.083412 3.241260
v -4.651476 -6.080983 3.242969
v -4.664031 -6.075193 3.244546
v -4.674743 -6.066412 3.245893
v -4.682925 -6.055202 3.246921
v -4.688054 -6.042282 3.247565
v -4.573753 -6.077789 3.383980
v -4.585995 -6.082324 3.388800
v -4.598904 -6.083412 3.393882
v -4.611654 -6.080983 3.398901
v -4.623429 -6.075193 3.403537
v -4.633475 -6.066412 3.407491
v -4.641148 -6.055202 3.410512
v -4.645958 -6.042282 3.412406
v -4.501457 -6.077789 3.516297
v -4.512126 -6.082324 3.523995
v -4.523376 -6.083412 3.532114
v -4.534488 -6.080983 3.540132
v -4.544750 -6.075193 3.547537
v -4.553505 -6.066412 3.553854
v -4.560192 -6.055202 3.558680
v -4.564383 -6.042282 3.561704
v -4.327157 -5.831733 2.795954
v -4.332899 -5.831733 2.800983
v -4.402167 -5.848339 3.448417
v -4.338560 -5.831733 3.518898
v -4.332899 -5.831733 3.524017
v -4.327157 -5.831733 3.529046
v -4.321337 -5.831733 3.533984
v -4.325364 -5.898361 3.539907
v -4.337201 -5.961895 3.557407
v -4.356160 -6.019441 3.585695
v -4.381203 -6.068466 3.623504
v -4.386463 -6.069685 3.621038
v -4.395907 -5.898804 2.857174
v -4.412622 -5.962799 2.843909
v -4.439627 -6.020782 2.822478
v -4.454034 -5.898804 2.950090
v -4.473274 -5.962799 2.940863
v -4.504359 -6.020782 2.925954
v -4.490109 -5.898804 3.053584
v -4.510917 -5.962799 3.048852
v -4.544534 -6.020782 3.041207
v -4.502338 -5.898804 3.162500
v -4.523676 -5.962799 3.162500
v -4.558152 -6.020782 3.162500
v -4.490109 -5.898804 3.271416
v -4.510917 -5.962799 3.276148
v -4.544534 -6.020782 3.283793
v -4.454034 -5.898804 3.374909
v -4.473274 -5.962799 3.384137
v -4.504359 -6.020782 3.399046
v -4.395907 -5.898804 3.467826
v -4.412622 -5.962799 3.481091
v -4.439627 -6.020782 3.502522
v -4.384529 -6.075702 3.634769
v -4.389074 -6.079883 3.647106
v -4.394554 -6.080744 3.659738
v -4.400622 -6.078232 3.671871
v -4.406898 -6.072505 3.682741
v -4.412986 -6.063923 3.691663
v -4.418503 -6.053025 3.698078
v -4.423102 -6.040499 3.701581
v -4.426494 -6.027131 3.701951
v -4.438437 -6.028137 3.695569
v -4.389288 -6.074383 3.626923
v -4.392683 -6.078108 3.633202
v -4.396424 -6.080781 3.639815
v -4.400429 -6.082347 3.646615
v -4.404616 -6.082751 3.653460
v -4.408904 -6.081949 3.660207
v -4.413201 -6.079980 3.666719
v -4.417416 -6.076917 3.672863
v -4.422172 -6.071982 3.679477
v -4.426532 -6.065742 3.685172
v -4.431935 -6.054540 3.691483
v -4.435891 -6.041630 3.695092
v -4.369285 -6.064937 3.629745
v -4.358813 -6.059408 3.634827
v -4.342125 -6.045227 3.642204
v -4.329816 -6.029258 3.647136
v -4.320683 -6.012819 3.650571
v -4.308803 -5.980011 3.654929
v -4.302553 -5.948467 3.657456
v -4.298836 -5.837024 3.660762
v -4.298839 -5.834969 3.660767
v -4.298862 -5.837024 3.660806
v -4.300148 -5.863156 3.662969
v -4.303459 -5.889130 3.668039
v -4.318477 -5.940339 3.685036
v -4.332165 -5.965364 3.695393
v -4.352146 -5.989563 3.705066
v -4.365381 -6.001076 3.708736
v -4.381669 -6.011913 3.710697
v -4.401873 -6.021273 3.709409
v -4.413709 -6.024860 3.706688
v -4.299829 -5.912737 3.660247
v -4.308797 -5.978241 3.658121
v -4.317992 -5.945083 3.684537
v -4.351011 -6.056010 3.644506
v -4.387119 -6.024834 3.710134
v -4.376521 -6.071207 3.633042
v -4.416770 -6.036473 3.704641
v -4.377922 -6.074351 3.639989
v -4.379777 -6.076557 3.647188
v -4.382050 -6.077782 3.654495
v -4.385483 -6.077860 3.663713
v -4.388447 -6.076778 3.670498
v -4.391654 -6.074752 3.676962
v -4.395038 -6.071840 3.682990
v -4.398534 -6.068103 3.688471
v -4.402076 -6.063599 3.693292
v -4.405600 -6.058389 3.697341
v -4.409044 -6.052567 3.700548
v -4.412346 -6.046256 3.702880
v -4.359884 -6.062922 3.640797
v -4.359861 -6.064676 3.647805
v -4.360413 -6.065704 3.654935
v -4.361528 -6.065991 3.662063
v -4.363744 -6.065259 3.670931
v -4.366006 -6.063872 3.677381
v -4.368718 -6.061805 3.683474
v -4.371828 -6.059104 3.689117
v -4.375283 -6.055817 3.694221
v -4.379030 -6.051990 3.698692
v -4.383016 -6.047670 3.702443
v -4.387180 -6.042927 3.705416
v -4.391451 -6.037845 3.707583
v -4.397700 -6.030037 3.709242
v -4.409958 -6.034616 3.706738
v -4.404718 -6.043764 3.705126
v -4.400968 -6.049681 3.702911
v -4.397181 -6.055159 3.699827
v -4.393422 -6.060086 3.695907
v -4.389756 -6.064379 3.691215
v -4.386243 -6.067980 3.685855
v -4.382947 -6.070832 3.679934
v -4.379927 -6.072882 3.673558
v -4.377246 -6.074074 3.666834
v -4.374324 -6.074272 3.657645
v -4.372548 -6.073361 3.650316
v -4.371260 -6.071545 3.643048
v -4.370486 -6.068858 3.635981
v -4.350633 -6.056969 3.651230
v -4.350838 -6.057341 3.658020
v -4.351621 -6.057120 3.664771
v -4.353443 -6.055978 3.673138
v -4.355437 -6.054466 3.679213
v -4.357917 -6.052430 3.684952
v -4.360840 -6.049908 3.690281
v -4.364161 -6.046939 3.695121
v -4.367836 -6.043561 3.699397
v -4.371820 -6.039812 3.703033
v -4.376059 -6.035747 3.705981
v -4.380486 -6.031427 3.708215
v -4.327752 -6.026718 3.652865
v -4.327539 -6.026174 3.658067
v -4.327757 -6.025391 3.663239
v -4.328403 -6.024376 3.668333
v -4.329841 -6.022761 3.674626
v -4.331390 -6.021302 3.679217
v -4.333313 -6.019657 3.683600
v -4.335592 -6.017843 3.687741
v -4.338206 -6.015876 3.691604
v -4.341134 -6.013770 3.695154
v -4.344356 -6.011544 3.698357
v -4.347845 -6.009214 3.701187
v -4.351568 -6.006803 3.703624
v -4.357324 -6.003197 3.706428
v -4.377981 -6.019386 3.709987
v -4.371347 -6.024976 3.707775
v -4.366979 -6.028661 3.705456
v -4.362840 -6.032158 3.702517
v -4.358986 -6.035417 3.698983
v -4.355466 -6.038399 3.694895
v -4.352316 -6.041073 3.690316
v -4.349573 -6.043408 3.685308
v -4.347272 -6.045372 3.679934
v -4.345451 -6.046936 3.674258
v -4.343833 -6.048340 3.666444
v -4.343191 -6.048915 3.660125
v -4.343105 -6.049023 3.653747
v -4.343579 -6.048660 3.647396
v -4.317260 -6.004818 3.655954
v -4.317418 -6.004032 3.660114
v -4.317876 -6.003130 3.664228
v -4.318630 -6.002117 3.668271
v -4.320013 -6.000677 3.673273
v -4.321378 -5.999475 3.676943
v -4.323002 -5.998190 3.680476
v -4.324876 -5.996827 3.683855
v -4.326988 -5.995396 3.687059
v -4.329329 -5.993904 3.690071
v -4.331886 -5.992358 3.692872
v -4.334645 -5.990767 3.695446
v -4.337591 -5.989141 3.697783
v -4.342163 -5.986734 3.700726
v -4.309256 -5.977529 3.661172
v -4.309886 -5.976774 3.664182
v -4.310686 -5.975978 3.667141
v -4.311946 -5.974911 3.670815
v -4.313081 -5.974063 3.673529
v -4.314366 -5.973184 3.676166
v -4.315796 -5.972279 3.678718
v -4.317366 -5.971350 3.681178
v -4.319072 -5.970400 3.683536
v -4.320909 -5.969432 3.685787
v -4.322871 -5.968448 3.687922
v -4.324952 -5.967452 3.689935
v -4.328171 -5.965991 3.692631
v -4.300242 -5.912545 3.661242
v -4.300676 -5.912351 3.662229
v -4.301130 -5.912156 3.663206
v -4.301735 -5.911908 3.664436
v -4.302216 -5.911718 3.665360
v -4.302715 -5.911527 3.666274
v -4.303232 -5.911336 3.667178
v -4.303766 -5.911144 3.668072
v -4.304317 -5.910951 3.668955
v -4.304886 -5.910759 3.669827
v -4.305472 -5.910565 3.670687
v -4.306074 -5.910372 3.671536
v -4.306978 -5.910091 3.672748
v -4.315859 -5.945936 3.682340
v -4.314468 -5.946521 3.680754
v -4.313142 -5.947102 3.679112
v -4.311885 -5.947679 3.677415
v -4.310698 -5.948250 3.675666
v -4.309583 -5.948815 3.673869
v -4.308542 -5.949372 3.672026
v -4.307575 -5.949922 3.670140
v -4.306686 -5.950463 3.668214
v -4.305636 -5.951159 3.665625
v -4.304908 -5.951693 3.663549
v -4.304266 -5.952214 3.661441
v -4.303711 -5.952722 3.659306
v -4.298859 -5.837024 3.660802
v -4.298857 -5.837024 3.660798
v -4.298856 -5.837024 3.660796
v -4.298854 -5.837024 3.660793
v -4.298852 -5.837024 3.660790
v -4.298851 -5.837024 3.660788
v -4.298849 -5.837024 3.660785
v -4.298848 -5.837024 3.660782
v -4.298846 -5.837024 3.660780
v -4.298845 -5.837024 3.660777
v -4.298843 -5.837024 3.660773
v -4.298841 -5.837024 3.660770
v -4.298839 -5.837024 3.660768
v -4.298838 -5.837024 3.660765
v -4.301109 -5.874909 3.664515
v -4.300861 -5.874957 3.664117
v -4.300691 -5.874990 3.663841
v -4.300524 -5.875023 3.663565
v -4.300358 -5.875056 3.663288
v -4.300194 -5.875089 3.663010
v -4.300031 -5.875122 3.662731
v -4.299870 -5.875155 3.662451
v -4.299710 -5.875188 3.662170
v -4.299552 -5.875221 3.661888
v -4.299347 -5.875264 3.661516
v -4.299188 -5.875298 3.661223
v -4.299030 -5.875332 3.660928
v -4.298874 -5.875367 3.660633
v -4.298826 -5.831733 3.660745
v -4.289618 -5.831733 3.639387
v -4.285593 -5.831733 3.616478
v -4.286969 -5.831733 3.593260
v -4.293672 -5.831733 3.570988
v -4.305338 -5.831733 3.550866
v -4.321337 -5.826781 3.533984
v -4.308509 -5.822136 3.546867
v -4.298132 -5.816174 3.562012
v -4.290706 -5.808949 3.578709
v -4.286549 -5.800714 3.595974
v -4.285449 -5.791965 3.612734
v -4.287175 -5.782546 3.629225
v -4.291655 -5.772479 3.645465
v -4.298826 -5.762211 3.660745
v -4.292571 -5.882011 3.644809
v -4.289079 -5.885629 3.627805
v -4.288708 -5.888979 3.610402
v -4.291456 -5.891961 3.593137
v -4.297219 -5.894481 3.576561
v -4.302394 -5.895802 3.566625
v -4.312702 -5.897398 3.552284
v -4.324081 -5.960100 3.569486
v -4.313234 -5.957042 3.583424
v -4.307686 -5.954482 3.593051
v -4.301305 -5.949570 3.609061
v -4.297923 -5.943731 3.625668
v -4.297665 -5.937149 3.642332
v -4.312815 -5.993610 3.650401
v -4.317212 -6.002064 3.634878
v -4.324566 -6.009123 3.619788
v -4.330693 -6.012766 3.610654
v -4.342363 -6.017046 3.597342
v -4.298839 -5.762196 3.660767
v -4.310712 -5.750222 3.677200
v -4.325567 -5.739502 3.690841
v -4.344231 -5.730269 3.701877
v -4.354741 -5.726748 3.705927
v -4.365779 -5.724218 3.708787
v -4.377072 -5.722767 3.710403
v -4.388359 -5.722477 3.710722
v -4.399677 -5.723379 3.709725
v -4.410871 -5.725400 3.707457
v -4.421669 -5.728456 3.703973
v -4.431816 -5.732429 3.699349
v -4.449533 -5.742179 3.687528
v -4.353152 -5.677509 3.754839
v -4.240827 -5.606038 3.806787
v -4.121488 -5.546770 3.837518
v -4.068229 -5.531051 3.844116
v -4.011164 -5.525000 3.846474
v -4.011164 -5.515000 3.846474
v -4.188190 -5.515000 3.823168
v -4.353152 -5.515000 3.754839
v -4.494807 -5.515000 3.646143
v -4.603504 -5.515000 3.504487
v -4.671833 -5.515000 3.339526
v -4.695139 -5.515000 3.162500
v -4.671833 -5.515000 2.985474
v -4.603504 -5.515000 2.820513
v -4.494807 -5.515000 2.678857
v -4.353152 -5.515000 2.570161
v -4.188190 -5.515000 2.501831
v -4.011164 -5.515000 2.478526
v -4.056337 -5.846748 3.457671
v -4.056337 -5.845492 3.464355
v -4.056337 -5.844147 3.471022
v -4.056337 -5.842714 3.477671
v -2.743557 -5.842714 3.477671
v -2.743519 -5.842540 3.478448
v -2.743481 -5.842366 3.479224
v -2.743443 -5.842190 3.480000
v 2.743443 -5.842190 3.480000
v 2.745297 -5.849293 3.442304
v 2.747171 -5.853571 3.404183
v 2.749057 -5.855000 3.365850
v 3.305000 -5.855000 3.365850
v 3.305000 -5.840157 3.488603
v 3.305000 -5.796482 3.604280
v 3.305000 -5.726494 3.706213
v 3.305000 -5.634227 3.788526
v 3.305000 -5.525000 3.846474
v 0.719578 -5.840157 3.488603
v -1.865844 -5.840157 3.488603
v 0.719578 -5.796482 3.604280
v -1.865844 -5.796482 3.604280
v 0.719578 -5.726580 3.706116
v -1.865844 -5.726665 3.706019
v 0.719578 -5.634227 3.788526
v -1.865844 -5.634227 3.788526
v -3.691110 -5.790000 2.867329
v -3.788128 -5.777407 2.867329
v -3.878715 -5.740461 2.867329
v -3.956867 -5.681612 2.867329
v -4.017405 -5.604761 2.867329
v -4.056315 -5.515000 2.867329
v -4.056315 -5.515000 3.453623
v -4.017405 -5.604761 3.453623
v -3.956867 -5.681612 3.453623
v -3.878715 -5.740461 3.453623
v -3.788128 -5.777407 3.453623
v -3.691110 -5.790000 3.453623
v -4.056337 -5.515000 3.457671
v -4.035269 -5.571114 3.457671
v -4.004416 -5.625059 3.457671
v -3.965537 -5.672861 3.457671
v -3.920433 -5.712992 3.457671
v -3.867484 -5.746566 3.457671
v -3.812555 -5.770051 3.457671
v -3.751904 -5.785098 3.457671
v -3.691121 -5.790000 3.457671
v -3.691115 -5.790000 3.456322
v -3.691111 -5.790000 3.454972
v -4.056318 -5.515000 3.454972
v -4.056325 -5.515000 3.456322
v -2.373557 -5.790000 3.457671
v -2.366520 -5.835000 3.457671
v -2.373557 -5.835000 3.457671
v -4.056337 -5.515000 2.867329
v -4.056337 -5.515000 2.850000
v 2.774426 -5.515000 2.850000
v 2.743443 -5.515000 3.480000
v -2.743443 -5.515000 3.480000
v -2.743557 -5.515000 3.477671
v -4.056337 -5.515000 3.477671
v 3.327666 -5.515000 2.478526
v 3.327666 -5.515000 3.846474
v 3.338739 -5.515000 3.841624
v 3.349334 -5.515000 3.834655
v 3.358364 -5.515000 3.826418
v 3.365988 -5.515000 3.816571
v 3.372190 -5.515000 3.805582
v 3.376407 -5.515000 3.794260
v 3.379063 -5.515000 3.781833
v 3.380000 -5.515000 3.769551
v 3.380000 -5.515000 2.555449
v 3.379063 -5.515000 2.543167
v 3.376407 -5.515000 2.530740
v 3.372190 -5.515000 2.519418
v 3.365988 -5.515000 2.508429
v 3.358364 -5.515000 2.498582
v 3.349334 -5.515000 2.490345
v 3.338739 -5.515000 2.483376
v -2.373557 -5.790000 2.867329
v -2.373557 -5.835000 2.867329
v -2.366520 -5.835000 2.867329
v -2.723557 -6.085000 2.867329
v 3.322618 -5.519063 2.478526
v 3.317268 -5.522166 2.478526
v 3.311242 -5.524221 2.478526
v 3.322618 -5.519063 3.846474
v 3.317268 -5.522166 3.846474
v 3.311242 -5.524221 3.846474
v 3.324411 -5.852444 3.365850
v 3.342500 -5.844952 3.365850
v 3.358033 -5.833033 3.365850
v 3.369952 -5.817500 3.365850
v 3.377444 -5.799411 3.365850
v 3.380000 -5.780000 3.365850
v 3.380000 -5.768176 3.467167
v 3.380000 -5.733340 3.563039
v 3.380000 -5.677364 3.648313
v 3.380000 -5.603256 3.718406
v 3.324411 -5.626597 3.790657
v 3.342500 -5.622407 3.784446
v 3.358033 -5.615741 3.774565
v 3.369952 -5.607054 3.761689
v 3.377444 -5.596937 3.746694
v 3.324411 -5.720846 3.708714
v 3.342500 -5.715277 3.703701
v 3.358033 -5.706419 3.695726
v 3.369952 -5.694875 3.685333
v 3.377444 -5.681432 3.673231
v 3.324411 -5.792473 3.606406
v 3.342500 -5.785858 3.602888
v 3.358033 -5.775334 3.597293
v 3.369952 -5.761619 3.590002
v 3.377444 -5.745647 3.581510
v 3.324411 -5.837226 3.489809
v 3.342500 -5.829956 3.487997
v 3.358033 -5.818391 3.485113
v 3.369952 -5.803319 3.481356
v 3.377444 -5.785768 3.476980
v 3.324411 -5.852444 2.959150
v 3.342500 -5.844952 2.959150
v 3.358033 -5.833033 2.959150
v 3.369952 -5.817500 2.959150
v 3.377444 -5.799411 2.959150
v 3.380000 -5.780000 2.959150
v 3.380000 -5.603256 2.606594
v 3.380000 -5.677364 2.676687
v 3.380000 -5.733340 2.761961
v 3.380000 -5.768176 2.857833
v 3.377444 -5.596937 2.578306
v 3.369952 -5.607054 2.563311
v 3.358033 -5.615741 2.550434
v 3.342500 -5.622407 2.540554
v 3.324411 -5.626597 2.534343
v 3.377444 -5.681432 2.651769
v 3.369952 -5.694875 2.639667
v 3.358033 -5.706419 2.629274
v 3.342500 -5.715277 2.621299
v 3.324411 -5.720846 2.616286
v 3.377444 -5.745647 2.743490
v 3.369952 -5.761619 2.734998
v 3.358033 -5.775334 2.727707
v 3.342500 -5.785858 2.722112
v 3.324411 -5.792473 2.718594
v 3.377444 -5.785768 2.848019
v 3.369952 -5.803319 2.843644
v 3.358033 -5.818391 2.839886
v 3.342500 -5.829956 2.837003
v 3.324411 -5.837226 2.835191
vt 0.231913 -0.000000 0.000000
vt 0.231913 0.019976 0.000000
vt 0.000000 0.000000 0.000000
vt 0.000000 0.020000 0.000000
vt -0.000000 0.000000 0.000000
vt 0.184402 -0.000000 0.000000
vt 0.000000 0.020000 0.000000
vt 0.184402 0.020000 0.000000
vt -0.000000 0.000000 0.000000
vt 0.238252 -0.000000 0.000000
vt 0.000000 0.019976 0.000000
vt 0.238252 0.020000 0.000000
vt 0.000986 0.008252 0.000000
vt -0.028986 0.003673 0.000000
vt 0.001475 -0.223661 0.000000
vt -0.059666 0.000919 0.000000
vt -0.090860 0.000000 0.000000
vt -0.182818 -0.230000 0.000000
vt -0.498052 0.000000 0.000000
vt -0.589580 -0.230000 0.000000
vt -0.529093 0.000959 0.000000
vt -0.559445 0.003712 0.000000
vt -0.590072 0.008252 0.000000
vt -7.456337 0.527416 0.000000
vt -6.163514 0.527899 0.000000
vt -7.802183 0.536828 0.000000
vt -6.162033 0.558836 0.000000
vt -6.160542 0.589285 0.000000
vt -6.158998 0.620309 0.000000
vt -6.650008 0.619731 0.000000
vt -7.329817 0.619731 0.000000
vt -7.851267 0.619731 0.000000
vt -7.738560 0.464335 0.000000
vt -7.456337 0.509746 0.000000
vt -7.456337 0.515636 0.000000
vt -7.456337 0.521526 0.000000
vt -5.265844 0.496097 0.000000
vt -7.721337 0.448456 0.000000
vt -7.708509 0.434756 0.000000
vt -5.265844 0.372075 0.000000
vt -7.698120 0.418464 0.000000
vt -7.690704 0.400281 0.000000
vt -7.686552 0.381171 0.000000
vt -7.685449 0.362269 0.000000
vt -7.687173 0.343272 0.000000
vt -7.691653 0.324158 0.000000
vt -7.698826 0.305741 0.000000
vt -5.265844 0.248151 0.000000
vt -7.698839 0.305715 0.000000
vt -7.710712 0.285380 0.000000
vt -7.725567 0.268030 0.000000
vt -7.744231 0.253641 0.000000
vt -7.754741 0.248275 0.000000
vt -7.765779 0.244456 0.000000
vt -7.777072 0.242284 0.000000
vt -7.753152 0.178818 0.000000
vt -7.788359 0.241853 0.000000
vt -7.799677 0.243198 0.000000
vt -7.810871 0.246235 0.000000
vt -7.821669 0.250870 0.000000
vt -7.831816 0.256966 0.000000
vt -7.849533 0.272290 0.000000
vt -5.265844 0.124025 0.000000
vt -7.640827 0.090352 0.000000
vt -0.095000 -0.000000 0.000000
vt -7.521488 0.023542 0.000000
vt -7.468229 0.006494 0.000000
vt -7.411164 -0.000000 0.000000
vt -2.680422 0.123986 0.000000
vt -0.095000 0.123946 0.000000
vt -0.095000 0.247892 0.000000
vt -2.680422 0.248021 0.000000
vt -0.095000 0.371838 0.000000
vt -2.680422 0.371957 0.000000
vt -0.095000 0.495785 0.000000
vt -2.680422 0.495941 0.000000
vt -0.625574 0.509746 0.000000
vt -0.627348 0.546408 0.000000
vt -0.095000 0.619731 0.000000
vt -0.629140 0.583069 0.000000
vt -0.630942 0.619731 0.000000
vt 0.305025 0.319253 0.000000
vt -0.101675 0.319253 0.000000
vt 0.305025 -0.319253 0.000000
vt -0.101675 -0.319253 0.000000
vt -0.203350 0.281346 0.000000
vt 0.203350 0.281346 0.000000
vt -0.203350 0.361154 0.000000
vt 0.203350 0.361154 0.000000
vt 0.679809 0.223700 0.000000
vt 0.600000 0.223700 0.000000
vt 0.679809 0.000000 0.000000
vt 0.000000 0.005318 0.000000
vt 0.000000 0.000000 0.000000
vt 0.000000 0.000000 0.000000
vt -0.406700 0.000000 0.000000
vt 0.000000 -0.223700 0.000000
vt -0.406700 -0.223700 0.000000
vt -0.201448 -2.236496 0.000000
vt -0.200869 -2.747508 0.000000
vt 0.205252 -2.256498 0.000000
vt 0.205830 -2.747508 0.000000
vt 0.406700 0.005318 0.000000
vt 0.000000 0.005318 0.000000
vt 0.406700 0.000000 0.000000
vt 0.000000 0.000000 0.000000
vt 0.637309 0.000000 0.000000
vt 0.637309 0.005318 0.000000
vt -0.042500 0.000000 0.000000
vt 0.037309 0.223700 0.000000
vt -0.042500 0.223700 0.000000
vt -0.200869 -3.427317 0.000000
vt 0.002481 -3.993475 0.000000
vt 0.205830 -3.427317 0.000000
vt 0.106584 -3.982166 0.000000
vt 0.205830 -3.948767 0.000000
vt -0.200869 -3.948767 0.000000
vt -0.101623 -3.982166 0.000000
vt -0.000000 0.029502 0.000000
vt -0.013920 0.029502 0.000000
vt -0.000000 0.014751 0.000000
vt -0.013751 0.014337 0.000000
vt -0.000000 0.000000 0.000000
vt -0.013920 0.000000 0.000000
vt -0.027760 0.014337 0.000000
vt -0.027828 0.000000 0.000000
vt -0.041769 0.014337 0.000000
vt -0.041769 0.000000 0.000000
vt -0.051312 0.014337 0.000000
vt -0.055703 0.000000 0.000000
vt -0.060855 0.014337 0.000000
vt -0.069604 0.000000 0.000000
vt -0.068911 0.014337 0.000000
vt -0.076968 0.014337 0.000000
vt -0.069604 0.029502 0.000000
vt -0.083538 0.029502 0.000000
vt -0.027827 0.029502 0.000000
vt -0.041769 0.029502 0.000000
vt -0.055704 0.029502 0.000000
vt -0.097480 0.029502 0.000000
vt -0.093081 0.014337 0.000000
vt -0.085025 0.014337 0.000000
vt -0.083538 0.000000 0.000000
vt -0.101138 0.014337 0.000000
vt -0.111388 0.029502 0.000000
vt -0.109194 0.014337 0.000000
vt -0.117251 0.014337 0.000000
vt -0.111388 0.000000 0.000000
vt -0.125308 0.000000 0.000000
vt -0.125308 0.014751 0.000000
vt -0.125308 0.029502 0.000000
vt -0.097480 0.000000 0.000000
vt -0.000000 -0.007387 0.000000
vt -0.000000 0.000000 0.000000
vt -0.002907 -0.003345 0.000000
vt -0.003639 -0.000000 0.000000
vt -0.005814 -0.003345 0.000000
vt -0.007275 -0.000000 0.000000
vt -0.007817 -0.003345 0.000000
vt -0.009820 -0.003345 0.000000
vt -0.007817 -0.006689 0.000000
vt -0.009820 -0.006689 0.000000
vt -0.007817 -0.013379 0.000000
vt -0.009820 -0.013379 0.000000
vt -0.007817 -0.020068 0.000000
vt -0.009820 -0.020068 0.000000
vt -0.007817 -0.026758 0.000000
vt -0.009820 -0.026758 0.000000
vt -0.007817 -0.045886 0.000000
vt -0.009820 -0.045886 0.000000
vt -0.007817 -0.065014 0.000000
vt -0.009820 -0.065014 0.000000
vt -0.007817 -0.088673 0.000000
vt -0.009820 -0.088680 0.000000
vt -0.007817 -0.112508 0.000000
vt -0.009820 -0.112508 0.000000
vt -0.007817 -0.152064 0.000000
vt -0.009820 -0.152064 0.000000
vt -0.007817 -0.191620 0.000000
vt -0.009820 -0.191620 0.000000
vt -0.007817 -0.234038 0.000000
vt -0.009820 -0.234038 0.000000
vt -0.007817 -0.236388 0.000000
vt -0.010919 0.000000 0.000000
vt -0.011823 -0.003345 0.000000
vt -0.011823 -0.006689 0.000000
vt -0.011823 -0.013379 0.000000
vt -0.011823 -0.020068 0.000000
vt -0.011823 -0.026758 0.000000
vt -0.011823 -0.045886 0.000000
vt -0.011823 -0.065014 0.000000
vt -0.011823 -0.088687 0.000000
vt -0.011823 -0.112508 0.000000
vt -0.011823 -0.152064 0.000000
vt -0.011823 -0.191620 0.000000
vt -0.011823 -0.234038 0.000000
vt -0.009820 -0.236388 0.000000
vt -0.014561 -0.000000 0.000000
vt -0.013826 -0.003345 0.000000
vt -0.013826 -0.006689 0.000000
vt -0.013826 -0.013379 0.000000
vt -0.013826 -0.020068 0.000000
vt -0.013826 -0.026758 0.000000
vt -0.013826 -0.045886 0.000000
vt -0.013826 -0.065014 0.000000
vt -0.013826 -0.088694 0.000000
vt -0.013826 -0.112508 0.000000
vt -0.013826 -0.152064 0.000000
vt -0.013826 -0.191620 0.000000
vt -0.013826 -0.234038 0.000000
vt -0.011823 -0.236388 0.000000
vt -0.015829 -0.003345 0.000000
vt -0.018195 -0.000000 0.000000
vt -0.017832 -0.003345 0.000000
vt -0.019835 -0.003345 0.000000
vt -0.017832 -0.006689 0.000000
vt -0.019835 -0.006689 0.000000
vt -0.017832 -0.013379 0.000000
vt -0.019835 -0.013379 0.000000
vt -0.017832 -0.020068 0.000000
vt -0.019835 -0.020068 0.000000
vt -0.017832 -0.026758 0.000000
vt -0.019835 -0.026758 0.000000
vt -0.017832 -0.045886 0.000000
vt -0.019835 -0.045886 0.000000
vt -0.017832 -0.065014 0.000000
vt -0.019835 -0.065014 0.000000
vt -0.017832 -0.088708 0.000000
vt -0.019835 -0.088715 0.000000
vt -0.017832 -0.112508 0.000000
vt -0.019835 -0.112508 0.000000
vt -0.017832 -0.152064 0.000000
vt -0.019835 -0.152064 0.000000
vt -0.017832 -0.191620 0.000000
vt -0.019835 -0.191620 0.000000
vt -0.017832 -0.234038 0.000000
vt -0.019835 -0.234038 0.000000
vt -0.017832 -0.236388 0.000000
vt -0.021838 0.000000 0.000000
vt -0.021838 -0.003345 0.000000
vt -0.021838 -0.006689 0.000000
vt -0.021838 -0.013379 0.000000
vt -0.021838 -0.020068 0.000000
vt -0.021838 -0.026758 0.000000
vt -0.021838 -0.045886 0.000000
vt -0.021838 -0.065014 0.000000
vt -0.021838 -0.088723 0.000000
vt -0.021838 -0.112508 0.000000
vt -0.021838 -0.152064 0.000000
vt -0.021838 -0.191620 0.000000
vt -0.021838 -0.234038 0.000000
vt -0.019835 -0.236388 0.000000
vt -0.024471 -0.003345 0.000000
vt -0.025482 -0.000000 0.000000
vt -0.026543 -0.003345 0.000000
vt -0.029118 -0.000000 0.000000
vt -0.028614 -0.003345 0.000000
vt -0.030685 -0.003345 0.000000
vt -0.028614 -0.006689 0.000000
vt -0.030685 -0.006689 0.000000
vt -0.028614 -0.013379 0.000000
vt -0.030685 -0.013379 0.000000
vt -0.028614 -0.020068 0.000000
vt -0.030685 -0.020068 0.000000
vt -0.028614 -0.026758 0.000000
vt -0.030685 -0.026758 0.000000
vt -0.028614 -0.045886 0.000000
vt -0.030685 -0.045886 0.000000
vt -0.028614 -0.065014 0.000000
vt -0.030685 -0.065014 0.000000
vt -0.028614 -0.088746 0.000000
vt -0.030685 -0.088754 0.000000
vt -0.028614 -0.112508 0.000000
vt -0.030685 -0.112508 0.000000
vt -0.028614 -0.152064 0.000000
vt -0.030685 -0.152064 0.000000
vt -0.028614 -0.191620 0.000000
vt -0.030685 -0.191620 0.000000
vt -0.028614 -0.234038 0.000000
vt -0.030685 -0.234038 0.000000
vt -0.028614 -0.236388 0.000000
vt -0.032757 0.000000 0.000000
vt -0.032757 -0.007314 0.000000
vt -0.032757 -0.014627 0.000000
vt -0.032757 -0.029255 0.000000
vt -0.032757 -0.043882 0.000000
vt -0.032757 -0.058510 0.000000
vt -0.032757 -0.087764 0.000000
vt -0.032757 -0.117019 0.000000
vt -0.032757 -0.175529 0.000000
vt -0.032757 -0.204784 0.000000
vt -0.032757 -0.234038 0.000000
vt -0.030685 -0.236388 0.000000
vt -0.000000 -0.088645 0.000000
vt -0.002907 -0.112508 0.000000
vt -0.000000 -0.118194 0.000000
vt -0.002907 -0.152064 0.000000
vt -0.002907 -0.191620 0.000000
vt -0.005814 -0.152064 0.000000
vt -0.005814 -0.191620 0.000000
vt -0.000000 -0.059097 0.000000
vt -0.002907 -0.065014 0.000000
vt -0.002907 -0.088656 0.000000
vt -0.005814 -0.088666 0.000000
vt -0.005814 -0.112508 0.000000
vt -0.002907 -0.045886 0.000000
vt -0.000000 -0.044323 0.000000
vt -0.000000 -0.029548 0.000000
vt -0.000000 -0.014774 0.000000
vt -0.002907 -0.020068 0.000000
vt -0.002907 -0.026758 0.000000
vt -0.005814 -0.026758 0.000000
vt -0.005814 -0.045886 0.000000
vt -0.002907 -0.013379 0.000000
vt -0.002907 -0.006689 0.000000
vt -0.026543 -0.236388 0.000000
vt -0.026543 -0.234038 0.000000
vt -0.024471 -0.236388 0.000000
vt -0.024471 -0.234038 0.000000
vt -0.021838 -0.236388 0.000000
vt -0.015829 -0.236388 0.000000
vt -0.015829 -0.234038 0.000000
vt -0.013826 -0.236388 0.000000
vt -0.005814 -0.236388 0.000000
vt -0.005814 -0.234038 0.000000
vt -0.002907 -0.236388 0.000000
vt -0.002907 -0.234038 0.000000
vt -0.026543 -0.006689 0.000000
vt -0.026543 -0.013379 0.000000
vt -0.026543 -0.020068 0.000000
vt -0.026543 -0.026758 0.000000
vt -0.026543 -0.045886 0.000000
vt -0.026543 -0.065014 0.000000
vt -0.026543 -0.088739 0.000000
vt -0.026543 -0.112508 0.000000
vt -0.026543 -0.152064 0.000000
vt -0.026543 -0.191620 0.000000
vt -0.024471 -0.006689 0.000000
vt -0.024471 -0.013379 0.000000
vt -0.024471 -0.020068 0.000000
vt -0.024471 -0.026758 0.000000
vt -0.024471 -0.045886 0.000000
vt -0.024471 -0.065014 0.000000
vt -0.024471 -0.088732 0.000000
vt -0.024471 -0.112508 0.000000
vt -0.024471 -0.152064 0.000000
vt -0.024471 -0.191620 0.000000
vt -0.015829 -0.006689 0.000000
vt -0.015829 -0.013379 0.000000
vt -0.015829 -0.020068 0.000000
vt -0.015829 -0.026758 0.000000
vt -0.015829 -0.045886 0.000000
vt -0.015829 -0.065014 0.000000
vt -0.015829 -0.088701 0.000000
vt -0.015829 -0.112508 0.000000
vt -0.015829 -0.152064 0.000000
vt -0.015829 -0.191620 0.000000
vt -0.005814 -0.006689 0.000000
vt -0.005814 -0.013379 0.000000
vt -0.005814 -0.020068 0.000000
vt -0.005814 -0.065014 0.000000
vt -0.000000 -0.236388 0.000000
vt -0.312024 0.087098 0.000000
vt -0.338156 0.084582 0.000000
vt -0.309969 0.087144 0.000000
vt -0.237196 0.087144 0.000000
vt -0.364131 0.078526 0.000000
vt -0.225222 0.066834 0.000000
vt -0.415339 0.055797 0.000000
vt -0.214502 0.046629 0.000000
vt -0.440364 0.038610 0.000000
vt -0.205269 0.024902 0.000000
vt -0.464564 0.016366 0.000000
vt -0.201748 0.013631 0.000000
vt -0.476077 0.002621 0.000000
vt -0.199218 0.002221 0.000000
vt -0.197767 -0.009195 0.000000
vt -0.486913 -0.013803 0.000000
vt -0.197477 -0.020494 0.000000
vt -0.496273 -0.034082 0.000000
vt -0.198379 -0.031863 0.000000
vt -0.200400 -0.043294 0.000000
vt -0.499860 -0.046234 0.000000
vt -0.203456 -0.054647 0.000000
vt -0.502131 -0.059879 0.000000
vt -0.207429 -0.065804 0.000000
vt -0.503137 -0.073431 0.000000
vt -0.217179 -0.087144 0.000000
vt -0.503477 -0.087144 0.000000
vt -0.128737 0.100528 0.000000
vt -0.117059 0.104492 0.000000
vt -0.141924 0.098032 0.000000
vt -0.123974 0.157832 0.000000
vt -0.141924 0.157833 0.000000
vt -0.123974 0.217632 0.000000
vt -0.141924 0.217632 0.000000
vt -0.123974 0.277431 0.000000
vt -0.141924 0.277431 0.000000
vt -0.141924 0.337231 0.000000
vt -0.118272 0.337231 0.000000
vt -0.106024 0.277431 0.000000
vt -0.094616 0.337231 0.000000
vt -0.094616 0.277431 0.000000
vt -0.076666 0.277431 0.000000
vt -0.094616 0.217632 0.000000
vt -0.076666 0.217632 0.000000
vt -0.094616 0.157832 0.000000
vt -0.076666 0.157832 0.000000
vt -0.081943 0.127229 0.000000
vt -0.068788 0.140507 0.000000
vt -0.106024 0.157832 0.000000
vt -0.097648 0.114942 0.000000
vt -0.058716 0.157832 0.000000
vt -0.047366 0.169151 0.000000
vt -0.058716 0.217631 0.000000
vt -0.040767 0.217631 0.000000
vt -0.040767 0.277431 0.000000
vt -0.022817 0.277431 0.000000
vt -0.023652 0.337231 0.000000
vt -0.000000 0.333008 0.000000
vt -0.000000 0.337231 0.000000
vt -0.030637 0.199723 0.000000
vt -0.047308 0.337231 0.000000
vt -0.058716 0.277431 0.000000
vt -0.070962 0.337231 0.000000
vt -0.106024 0.217632 0.000000
vt -0.237211 -0.069935 0.000000
vt -0.247482 -0.053030 0.000000
vt -0.306733 -0.069935 0.000000
vt -0.306733 -0.046623 0.000000
vt -0.257551 -0.036156 0.000000
vt -0.306733 -0.023312 0.000000
vt -0.266973 -0.019550 0.000000
vt -0.275719 -0.002736 0.000000
vt -0.306733 0.000000 0.000000
vt -0.283945 0.015030 0.000000
vt -0.306733 0.023312 0.000000
vt -0.291166 0.033318 0.000000
vt -0.306733 0.046623 0.000000
vt -0.297134 0.051724 0.000000
vt -0.306733 0.069935 0.000000
vt -0.301781 0.069935 0.000000
vt -0.000000 -0.453490 0.000000
vt -0.013954 -0.453490 0.000000
vt 0.000000 -0.616475 0.000000
vt -0.013954 -0.616475 0.000000
vt 0.000000 -0.779460 0.000000
vt -0.013954 -0.779460 0.000000
vt 0.000000 -0.942445 0.000000
vt -0.013954 -0.942445 0.000000
vt -0.000000 -1.105430 0.000000
vt -0.013954 -1.105430 0.000000
vt -0.000000 -1.268415 0.000000
vt -0.013954 -1.268415 0.000000
vt -0.000000 -1.431400 0.000000
vt -0.013954 -1.431400 0.000000
vt -0.000000 -1.594385 0.000000
vt -0.013954 -1.594385 0.000000
vt -0.027907 -1.431400 0.000000
vt -0.027907 -1.594385 0.000000
vt -0.041861 -1.431400 0.000000
vt -0.041861 -1.594385 0.000000
vt -0.055815 -1.431400 0.000000
vt -0.055815 -1.594385 0.000000
vt -0.069768 -1.431400 0.000000
vt -0.069768 -1.594385 0.000000
vt -0.083722 -1.431400 0.000000
vt -0.083722 -1.594385 0.000000
vt -0.097676 -1.431400 0.000000
vt -0.097676 -1.594385 0.000000
vt -0.111629 -1.431400 0.000000
vt -0.111629 -1.594385 0.000000
vt -0.125583 -1.431400 0.000000
vt -0.125583 -1.594385 0.000000
vt -0.027907 -0.453490 0.000000
vt -0.027907 -0.616475 0.000000
vt -0.027907 -0.779460 0.000000
vt -0.027907 -0.942445 0.000000
vt -0.027907 -1.105430 0.000000
vt -0.027907 -1.268415 0.000000
vt -0.041861 -0.453490 0.000000
vt -0.041861 -0.616475 0.000000
vt -0.041861 -0.779460 0.000000
vt -0.041861 -0.942445 0.000000
vt -0.041861 -1.105430 0.000000
vt -0.041861 -1.268415 0.000000
vt -0.055815 -0.453490 0.000000
vt -0.055815 -0.616475 0.000000
vt -0.055815 -0.779460 0.000000
vt -0.055815 -0.942445 0.000000
vt -0.055815 -1.105430 0.000000
vt -0.055815 -1.268415 0.000000
vt -0.069768 -0.453490 0.000000
vt -0.069768 -0.616475 0.000000
vt -0.069768 -0.779460 0.000000
vt -0.069768 -0.942445 0.000000
vt -0.069768 -1.105430 0.000000
vt -0.069768 -1.268415 0.000000
vt -0.083722 -0.453490 0.000000
vt -0.083722 -0.616475 0.000000
vt -0.083722 -0.779460 0.000000
vt -0.083722 -0.942445 0.000000
vt -0.083722 -1.105430 0.000000
vt -0.083722 -1.268415 0.000000
vt -0.097676 -0.453490 0.000000
vt -0.097676 -0.616475 0.000000
vt -0.097676 -0.779460 0.000000
vt -0.097676 -0.942445 0.000000
vt -0.097676 -1.105430 0.000000
vt -0.097676 -1.268415 0.000000
vt -0.111629 -0.453490 0.000000
vt -0.111629 -0.616475 0.000000
vt -0.111629 -0.779460 0.000000
vt -0.111629 -0.942445 0.000000
vt -0.111629 -1.105430 0.000000
vt -0.111629 -1.268415 0.000000
vt -0.125583 -0.453490 0.000000
vt -0.125583 -0.616475 0.000000
vt -0.125583 -0.779460 0.000000
vt -0.125583 -0.942445 0.000000
vt -0.125583 -1.105430 0.000000
vt -0.125583 -1.268415 0.000000
vt 0.719877 0.625363 0.000000
vt 0.721731 0.620480 0.000000
vt 0.719249 0.630379 0.000000
vt 0.788500 0.624363 0.000000
vt 0.786837 0.735080 0.000000
vt 0.855420 0.627544 0.000000
vt 0.854425 0.735080 0.000000
vt 0.922466 0.629647 0.000000
vt 0.922013 0.735080 0.000000
vt 0.989602 0.654632 0.000000
vt 0.972985 0.755318 0.000000
vt 0.989602 0.630382 0.000000
vt 0.989602 0.638466 0.000000
vt 0.989602 0.646549 0.000000
vt 0.922013 0.849681 0.000000
vt 0.966313 0.857052 0.000000
vt 0.922013 0.964282 0.000000
vt 0.966313 0.967967 0.000000
vt 0.922013 1.078882 0.000000
vt 0.966313 1.078882 0.000000
vt 0.966313 1.189798 0.000000
vt 0.922013 1.193483 0.000000
vt 0.966313 1.300713 0.000000
vt 0.922013 1.308084 0.000000
vt 0.972988 1.402475 0.000000
vt 0.922013 1.422685 0.000000
vt 0.989602 1.503133 0.000000
vt 0.989602 1.511216 0.000000
vt 0.989602 1.519299 0.000000
vt 0.989602 1.527382 0.000000
vt 0.922466 1.528118 0.000000
vt 0.854425 1.422685 0.000000
vt 0.855416 1.530219 0.000000
vt 0.788502 1.533401 0.000000
vt 0.786837 1.422685 0.000000
vt 0.721731 1.537285 0.000000
vt 0.719249 1.527386 0.000000
vt 0.719877 1.532402 0.000000
vt 0.719249 1.399242 0.000000
vt 0.786837 1.308084 0.000000
vt 0.854425 1.308084 0.000000
vt 0.854425 1.193483 0.000000
vt 0.719249 1.271098 0.000000
vt 0.786837 1.193483 0.000000
vt 0.854425 1.078882 0.000000
vt 0.719249 1.142954 0.000000
vt 0.786837 1.078882 0.000000
vt 0.854425 0.964282 0.000000
vt 0.719249 1.014810 0.000000
vt 0.786837 0.964282 0.000000
vt 0.854425 0.849681 0.000000
vt 0.719249 0.886667 0.000000
vt 0.786837 0.849681 0.000000
vt 0.719249 0.758523 0.000000
vt 0.306733 0.423506 0.000000
vt 0.301781 0.423506 0.000000
vt 0.306733 0.415873 0.000000
vt 0.306733 0.408240 0.000000
vt 0.306733 0.400607 0.000000
vt -0.000000 0.029502 0.000000
vt -0.013920 0.029502 0.000000
vt -0.000000 0.014751 0.000000
vt -0.013749 0.014337 0.000000
vt -0.000000 0.000000 0.000000
vt -0.013920 0.000000 0.000000
vt -0.027759 0.014337 0.000000
vt -0.027828 0.000000 0.000000
vt -0.041769 0.014337 0.000000
vt -0.041769 0.000000 0.000000
vt -0.051305 0.014337 0.000000
vt -0.055703 0.000000 0.000000
vt -0.060841 0.014337 0.000000
vt -0.069604 0.000000 0.000000
vt -0.068899 0.014337 0.000000
vt -0.076958 0.014337 0.000000
vt -0.069604 0.029502 0.000000
vt -0.083538 0.029502 0.000000
vt -0.027827 0.029502 0.000000
vt -0.041769 0.029502 0.000000
vt -0.055704 0.029502 0.000000
vt -0.097480 0.029502 0.000000
vt -0.093074 0.014337 0.000000
vt -0.085016 0.014337 0.000000
vt -0.083538 0.000000 0.000000
vt -0.101133 0.014337 0.000000
vt -0.111388 0.029502 0.000000
vt -0.109191 0.014337 0.000000
vt -0.117249 0.014337 0.000000
vt -0.111388 0.000000 0.000000
vt -0.125308 0.000000 0.000000
vt -0.125308 0.014751 0.000000
vt -0.125308 0.029502 0.000000
vt -0.097480 0.000000 0.000000
vt -0.000000 0.226725 0.000000
vt -0.000000 0.234039 0.000000
vt -0.002908 0.230694 0.000000
vt -0.003639 0.234039 0.000000
vt -0.005816 0.230694 0.000000
vt -0.007275 0.234039 0.000000
vt -0.007819 0.230694 0.000000
vt -0.009821 0.230694 0.000000
vt -0.007819 0.227349 0.000000
vt -0.009821 0.227349 0.000000
vt -0.007819 0.220660 0.000000
vt -0.009821 0.220660 0.000000
vt -0.007819 0.213970 0.000000
vt -0.009821 0.213970 0.000000
vt -0.007819 0.207281 0.000000
vt -0.009821 0.207281 0.000000
vt -0.007819 0.188153 0.000000
vt -0.009821 0.188153 0.000000
vt -0.007819 0.169025 0.000000
vt -0.009821 0.169025 0.000000
vt -0.007819 0.145277 0.000000
vt -0.009821 0.145277 0.000000
vt -0.007819 0.121529 0.000000
vt -0.009821 0.121529 0.000000
vt -0.007819 0.081972 0.000000
vt -0.009821 0.081972 0.000000
vt -0.007819 0.042416 0.000000
vt -0.009821 0.042416 0.000000
vt -0.007819 -0.000000 0.000000
vt -0.009821 -0.000000 0.000000
vt -0.007819 -0.002349 0.000000
vt -0.010919 0.234039 0.000000
vt -0.011824 0.230694 0.000000
vt -0.011824 0.227349 0.000000
vt -0.011824 0.220660 0.000000
vt -0.011824 0.213970 0.000000
vt -0.011824 0.207281 0.000000
vt -0.011824 0.188153 0.000000
vt -0.011824 0.169025 0.000000
vt -0.011824 0.145277 0.000000
vt -0.011824 0.121529 0.000000
vt -0.011824 0.081972 0.000000
vt -0.011824 0.042416 0.000000
vt -0.011824 -0.000000 0.000000
vt -0.009821 -0.002349 0.000000
vt -0.014561 0.234039 0.000000
vt -0.013827 0.230694 0.000000
vt -0.013827 0.227349 0.000000
vt -0.013827 0.220660 0.000000
vt -0.013827 0.213970 0.000000
vt -0.013827 0.207281 0.000000
vt -0.013827 0.188153 0.000000
vt -0.013827 0.169025 0.000000
vt -0.013827 0.145277 0.000000
vt -0.013827 0.121529 0.000000
vt -0.013827 0.081972 0.000000
vt -0.013827 0.042416 0.000000
vt -0.013827 -0.000000 0.000000
vt -0.011824 -0.002349 0.000000
vt -0.015830 0.230694 0.000000
vt -0.018195 0.234039 0.000000
vt -0.017832 0.230694 0.000000
vt -0.019835 0.230694 0.000000
vt -0.017832 0.227349 0.000000
vt -0.019835 0.227349 0.000000
vt -0.017832 0.220660 0.000000
vt -0.019835 0.220660 0.000000
vt -0.017832 0.213970 0.000000
vt -0.019835 0.213970 0.000000
vt -0.017832 0.207281 0.000000
vt -0.019835 0.207281 0.000000
vt -0.017832 0.188153 0.000000
vt -0.019835 0.188153 0.000000
vt -0.017832 0.169025 0.000000
vt -0.019835 0.169025 0.000000
vt -0.017832 0.145277 0.000000
vt -0.019835 0.145277 0.000000
vt -0.017832 0.121529 0.000000
vt -0.019835 0.121529 0.000000
vt -0.017832 0.081972 0.000000
vt -0.019835 0.081972 0.000000
vt -0.017832 0.042416 0.000000
vt -0.019835 0.042416 0.000000
vt -0.017832 -0.000000 0.000000
vt -0.019835 -0.000000 0.000000
vt -0.017832 -0.002349 0.000000
vt -0.021838 0.234039 0.000000
vt -0.021838 0.230694 0.000000
vt -0.021838 0.227349 0.000000
vt -0.021838 0.220660 0.000000
vt -0.021838 0.213970 0.000000
vt -0.021838 0.207281 0.000000
vt -0.021838 0.188153 0.000000
vt -0.021838 0.169025 0.000000
vt -0.021838 0.145277 0.000000
vt -0.021838 0.121529 0.000000
vt -0.021838 0.081972 0.000000
vt -0.021838 0.042416 0.000000
vt -0.021838 -0.000000 0.000000
vt -0.019835 -0.002349 0.000000
vt -0.024472 0.230694 0.000000
vt -0.025482 0.234039 0.000000
vt -0.026543 0.230694 0.000000
vt -0.029118 0.234039 0.000000
vt -0.028614 0.230694 0.000000
vt -0.030686 0.230694 0.000000
vt -0.028614 0.227349 0.000000
vt -0.030686 0.227349 0.000000
vt -0.028614 0.220660 0.000000
vt -0.030686 0.220660 0.000000
vt -0.028614 0.213970 0.000000
vt -0.030686 0.213970 0.000000
vt -0.028614 0.207281 0.000000
vt -0.030686 0.207281 0.000000
vt -0.028614 0.188153 0.000000
vt -0.030686 0.188153 0.000000
vt -0.028614 0.169025 0.000000
vt -0.030686 0.169025 0.000000
vt -0.028614 0.145277 0.000000
vt -0.030686 0.145277 0.000000
vt -0.028614 0.121529 0.000000
vt -0.030686 0.121529 0.000000
vt -0.028614 0.081972 0.000000
vt -0.030686 0.081972 0.000000
vt -0.028614 0.042416 0.000000
vt -0.030686 0.042416 0.000000
vt -0.028614 -0.000000 0.000000
vt -0.030686 -0.000000 0.000000
vt -0.028614 -0.002349 0.000000
vt -0.032757 0.234039 0.000000
vt -0.032757 0.226725 0.000000
vt -0.032757 0.219411 0.000000
vt -0.032757 0.204784 0.000000
vt -0.032757 0.190156 0.000000
vt -0.032757 0.175529 0.000000
vt -0.032757 0.146274 0.000000
vt -0.032757 0.117019 0.000000
vt -0.032757 -0.000000 0.000000
vt -0.000000 -0.002349 0.000000
vt -0.000000 -0.000000 0.000000
vt -0.002908 -0.000000 0.000000
vt -0.000000 0.029255 0.000000
vt -0.002908 0.042416 0.000000
vt -0.000000 0.058510 0.000000
vt -0.002908 0.081972 0.000000
vt -0.000000 0.117019 0.000000
vt -0.002908 0.121529 0.000000
vt -0.000000 0.146274 0.000000
vt -0.002908 0.145277 0.000000
vt -0.002908 0.169025 0.000000
vt -0.005816 0.169025 0.000000
vt -0.005816 0.188153 0.000000
vt -0.000000 0.175529 0.000000
vt -0.002908 0.188153 0.000000
vt -0.005816 0.207281 0.000000
vt -0.000000 0.190156 0.000000
vt -0.000000 0.204784 0.000000
vt -0.002908 0.207281 0.000000
vt -0.002908 0.213970 0.000000
vt -0.005816 0.213970 0.000000
vt -0.005816 0.220660 0.000000
vt -0.000000 0.219411 0.000000
vt -0.002908 0.220660 0.000000
vt -0.005816 0.227349 0.000000
vt -0.002908 0.227349 0.000000
vt -0.030686 -0.002349 0.000000
vt -0.026543 -0.002349 0.000000
vt -0.026543 -0.000000 0.000000
vt -0.024472 -0.002349 0.000000
vt -0.024472 -0.000000 0.000000
vt -0.021838 -0.002349 0.000000
vt -0.015830 -0.002349 0.000000
vt -0.015830 -0.000000 0.000000
vt -0.013827 -0.002349 0.000000
vt -0.005816 -0.002349 0.000000
vt -0.005816 -0.000000 0.000000
vt -0.002908 -0.002349 0.000000
vt -0.026543 0.227349 0.000000
vt -0.026543 0.220660 0.000000
vt -0.026543 0.213970 0.000000
vt -0.026543 0.207281 0.000000
vt -0.026543 0.188153 0.000000
vt -0.026543 0.169025 0.000000
vt -0.026543 0.145277 0.000000
vt -0.026543 0.121529 0.000000
vt -0.026543 0.081972 0.000000
vt -0.026543 0.042416 0.000000
vt -0.024472 0.227349 0.000000
vt -0.024472 0.220660 0.000000
vt -0.024472 0.213970 0.000000
vt -0.024472 0.207281 0.000000
vt -0.024472 0.188153 0.000000
vt -0.024472 0.169025 0.000000
vt -0.024472 0.145277 0.000000
vt -0.024472 0.121529 0.000000
vt -0.024472 0.081972 0.000000
vt -0.024472 0.042416 0.000000
vt -0.015830 0.227349 0.000000
vt -0.015830 0.220660 0.000000
vt -0.015830 0.213970 0.000000
vt -0.015830 0.207281 0.000000
vt -0.015830 0.188153 0.000000
vt -0.015830 0.169025 0.000000
vt -0.015830 0.145277 0.000000
vt -0.015830 0.121529 0.000000
vt -0.015830 0.081972 0.000000
vt -0.015830 0.042416 0.000000
vt -0.005816 0.145277 0.000000
vt -0.005816 0.121529 0.000000
vt -0.005816 0.081972 0.000000
vt -0.005816 0.042416 0.000000
vt -0.237211 0.069935 0.000000
vt -0.306733 0.069935 0.000000
vt -0.247479 0.053035 0.000000
vt -0.306733 0.046623 0.000000
vt -0.257546 0.036166 0.000000
vt -0.306733 0.023312 0.000000
vt -0.266965 0.019564 0.000000
vt -0.306733 -0.000000 0.000000
vt -0.275714 0.002746 0.000000
vt -0.283949 -0.015038 0.000000
vt -0.306733 -0.023312 0.000000
vt -0.291174 -0.033340 0.000000
vt -0.306733 -0.046623 0.000000
vt -0.297136 -0.051728 0.000000
vt -0.306733 -0.069935 0.000000
vt -0.301781 -0.069935 0.000000
vt -0.000000 0.004223 0.000000
vt -0.000047 0.006904 0.000000
vt -0.000000 0.000000 0.000000
vt -0.023652 0.000000 0.000000
vt -0.022824 0.059799 0.000000
vt -0.040772 0.059799 0.000000
vt -0.040772 0.119599 0.000000
vt -0.058720 0.119599 0.000000
vt -0.047916 0.168970 0.000000
vt -0.058720 0.179398 0.000000
vt -0.069280 0.197269 0.000000
vt -0.076668 0.179399 0.000000
vt -0.082380 0.210386 0.000000
vt -0.094616 0.179399 0.000000
vt -0.097996 0.222518 0.000000
vt -0.106028 0.179399 0.000000
vt -0.117276 0.232828 0.000000
vt -0.123976 0.179399 0.000000
vt -0.128860 0.236735 0.000000
vt -0.141924 0.179399 0.000000
vt -0.141924 0.239198 0.000000
vt -0.031199 0.138751 0.000000
vt -0.141924 0.119599 0.000000
vt -0.123976 0.119599 0.000000
vt -0.106028 0.119599 0.000000
vt -0.094616 0.119599 0.000000
vt -0.076668 0.119599 0.000000
vt -0.123976 0.059799 0.000000
vt -0.141924 0.059799 0.000000
vt -0.141924 0.000000 0.000000
vt -0.118272 0.000000 0.000000
vt -0.106028 0.059799 0.000000
vt -0.094616 0.000000 0.000000
vt -0.094616 0.059799 0.000000
vt -0.076668 0.059799 0.000000
vt -0.070962 0.000000 0.000000
vt -0.058720 0.059799 0.000000
vt -0.047308 0.000000 0.000000
vt -0.503477 0.087144 0.000000
vt -0.503137 0.073431 0.000000
vt -0.217179 0.087144 0.000000
vt -0.207429 0.065804 0.000000
vt -0.502131 0.059879 0.000000
vt -0.203456 0.054647 0.000000
vt -0.499860 0.046234 0.000000
vt -0.200400 0.043294 0.000000
vt -0.496273 0.034082 0.000000
vt -0.198379 0.031863 0.000000
vt -0.197477 0.020494 0.000000
vt -0.486913 0.013803 0.000000
vt -0.197767 0.009195 0.000000
vt -0.476076 -0.002621 0.000000
vt -0.199218 -0.002221 0.000000
vt -0.201748 -0.013631 0.000000
vt -0.464563 -0.016366 0.000000
vt -0.205269 -0.024902 0.000000
vt -0.440364 -0.038610 0.000000
vt -0.214502 -0.046629 0.000000
vt -0.415339 -0.055797 0.000000
vt -0.225222 -0.066834 0.000000
vt -0.364130 -0.078526 0.000000
vt -0.237196 -0.087144 0.000000
vt -0.338156 -0.084582 0.000000
vt -0.312024 -0.087098 0.000000
vt -0.309969 -0.087144 0.000000
vt 0.306733 -0.423506 0.000000
vt 0.306733 -0.415873 0.000000
vt 0.301781 -0.423506 0.000000
vt 0.306733 -0.408240 0.000000
vt 0.306733 -0.400607 0.000000
vt -0.503477 0.598552 0.000000
vt 0.010000 0.537192 0.000000
vt -0.217179 0.598552 0.000000
vt 0.010000 0.716256 0.000000
vt -0.152509 0.716256 0.000000
vt -0.081038 0.840179 0.000000
vt 0.010000 0.895320 0.000000
vt -0.021770 0.963577 0.000000
vt -0.006051 1.017256 0.000000
vt 0.010000 1.074384 0.000000
vt -0.000000 1.074384 0.000000
vt -0.503477 0.427537 0.000000
vt 0.010000 0.358128 0.000000
vt -0.503477 0.256522 0.000000
vt 0.010000 0.179064 0.000000
vt -0.503477 0.085507 0.000000
vt 0.010000 0.000000 0.000000
vt -0.503477 -0.085507 0.000000
vt 0.010000 -0.179064 0.000000
vt -0.503477 -0.256522 0.000000
vt 0.010000 -0.358128 0.000000
vt -0.503477 -0.427537 0.000000
vt 0.010000 -0.537192 0.000000
vt -0.503477 -0.598552 0.000000
vt -0.217179 -0.598552 0.000000
vt 0.010000 -0.716256 0.000000
vt -0.152509 -0.716256 0.000000
vt -0.081038 -0.840179 0.000000
vt 0.010000 -0.895320 0.000000
vt -0.021770 -0.963577 0.000000
vt -0.006051 -1.017256 0.000000
vt -0.000000 -1.074384 0.000000
vt 0.010000 -1.074384 0.000000
vt 0.091374 0.237211 0.000000
vt 0.091399 0.237196 0.000000
vt 0.091374 0.306733 0.000000
vt 0.091399 0.309969 0.000000
vt 0.108626 0.309969 0.000000
vt 0.108626 0.237196 0.000000
vt 0.108650 0.306733 0.000000
vt 0.108650 0.237211 0.000000
vt -6.137484 0.031752 0.000000
vt -7.851267 -0.000000 0.000000
vt -6.138996 0.000579 0.000000
vt -7.329817 -0.000000 0.000000
vt -6.650008 -0.000000 0.000000
vt -7.802167 0.082925 0.000000
vt -6.135977 0.062518 0.000000
vt -7.456337 0.092315 0.000000
vt -6.134480 0.092799 0.000000
vt -7.456337 0.099116 0.000000
vt -7.456337 0.105918 0.000000
vt -7.456337 0.112719 0.000000
vt -6.143557 0.112719 0.000000
vt -6.143519 0.113515 0.000000
vt -6.143481 0.114311 0.000000
vt -6.143443 0.115106 0.000000
vt -0.656557 0.115106 0.000000
vt -2.680422 0.123946 0.000000
vt -5.265844 0.123946 0.000000
vt -7.738560 0.155396 0.000000
vt -7.721337 0.171274 0.000000
vt -7.708509 0.184969 0.000000
vt -5.265844 0.247892 0.000000
vt -7.698132 0.201247 0.000000
vt -7.690706 0.219441 0.000000
vt -7.686549 0.238570 0.000000
vt -7.685449 0.257478 0.000000
vt -7.687175 0.276470 0.000000
vt -7.691655 0.295579 0.000000
vt -7.698826 0.313990 0.000000
vt -5.265844 0.371580 0.000000
vt -7.698839 0.314016 0.000000
vt -7.710712 0.334350 0.000000
vt -7.725567 0.351701 0.000000
vt -7.744231 0.366090 0.000000
vt -7.754741 0.371456 0.000000
vt -7.765779 0.375275 0.000000
vt -7.777072 0.377447 0.000000
vt -7.788359 0.377878 0.000000
vt -7.753152 0.440913 0.000000
vt -7.799677 0.376533 0.000000
vt -7.810871 0.373496 0.000000
vt -7.821669 0.368861 0.000000
vt -7.831816 0.362765 0.000000
vt -7.849533 0.347441 0.000000
vt -0.095000 0.123946 0.000000
vt -0.654703 0.076737 0.000000
vt -0.095000 0.000000 0.000000
vt -0.652829 0.038369 0.000000
vt -0.650943 0.000000 0.000000
vt -2.680422 0.247892 0.000000
vt -0.095000 0.247892 0.000000
vt -2.680422 0.371709 0.000000
vt -0.095000 0.371838 0.000000
vt -2.680422 0.495785 0.000000
vt -0.095000 0.495785 0.000000
vt -0.095000 0.619731 0.000000
vt -7.411164 0.619731 0.000000
vt -5.265844 0.495785 0.000000
vt -7.468229 0.613237 0.000000
vt -7.521488 0.596189 0.000000
vt -7.640827 0.529379 0.000000
vt 0.485525 0.490518 0.000000
vt -0.100769 0.490518 0.000000
vt 0.485525 0.392415 0.000000
vt -0.100769 0.392415 0.000000
vt 0.485525 0.294311 0.000000
vt -0.100769 0.294311 0.000000
vt 0.485525 0.196207 0.000000
vt -0.100769 0.196207 0.000000
vt 0.485525 0.098104 0.000000
vt -0.100769 0.098104 0.000000
vt 0.485525 0.000000 0.000000
vt -0.100769 -0.000000 0.000000
vt -1.087421 1.617515 0.000000
vt -1.027420 1.617804 0.000000
vt -1.087421 1.619350 0.000000
vt -1.087421 1.621184 0.000000
vt -1.087421 1.623018 0.000000
vt -0.989317 1.623018 0.000000
vt -0.965204 1.618177 0.000000
vt -0.903520 1.618576 0.000000
vt -0.891214 1.623018 0.000000
vt -0.843084 1.618965 0.000000
vt -0.793110 1.623018 0.000000
vt -0.780313 1.619342 0.000000
vt -0.720510 1.619666 0.000000
vt -0.695006 1.623018 0.000000
vt -0.657949 1.619963 0.000000
vt -0.596903 1.623018 0.000000
vt -0.596903 1.622083 0.000000
vt -0.596903 1.621148 0.000000
vt -0.596903 1.620212 0.000000
vt -0.084784 0.065000 0.000000
vt 0.871857 0.008252 0.000000
vt 1.232780 0.065000 0.000000
vt 0.891833 0.008252 0.000000
vt 1.232780 0.020000 0.000000
vt 0.891833 -0.223661 0.000000
vt 1.239817 0.020000 0.000000
vt -0.450000 0.008252 0.000000
vt -0.145567 0.069902 0.000000
vt -0.206218 0.084949 0.000000
vt -0.261147 0.108434 0.000000
vt -0.314096 0.142008 0.000000
vt -0.359200 0.182139 0.000000
vt -0.398079 0.229941 0.000000
vt -0.428932 0.283886 0.000000
vt -0.450000 0.340000 0.000000
vt -0.999145 7.456337 0.000000
vt -0.979145 7.456337 0.000000
vt -1.025962 8.003504 0.000000
vt -0.977796 7.456325 0.000000
vt -0.976447 7.456318 0.000000
vt -0.975097 7.456315 0.000000
vt -0.861000 8.071833 0.000000
vt -0.683974 8.095139 0.000000
vt -0.388803 7.456315 0.000000
vt -0.506949 8.071833 0.000000
vt -0.388803 7.456337 0.000000
vt -0.341987 8.003504 0.000000
vt -0.371474 7.456337 0.000000
vt -0.200331 7.894807 0.000000
vt -0.091635 7.753152 0.000000
vt -0.000000 7.411164 0.000000
vt -0.023306 7.588190 0.000000
vt -0.371474 0.625574 0.000000
vt -0.000000 0.072334 0.000000
vt -0.076923 0.020000 0.000000
vt -0.064642 0.020937 0.000000
vt -1.291026 0.020000 0.000000
vt -1.001474 0.656557 0.000000
vt -1.367949 0.072334 0.000000
vt -1.001474 6.143443 0.000000
vt -1.367949 7.411164 0.000000
vt -1.276314 7.753152 0.000000
vt -1.344643 7.588190 0.000000
vt -0.999145 6.143557 0.000000
vt -1.167617 7.894807 0.000000
vt -1.363098 0.061261 0.000000
vt -1.356129 0.050666 0.000000
vt -1.347892 0.041636 0.000000
vt -1.338045 0.034012 0.000000
vt -1.327056 0.027810 0.000000
vt -1.315735 0.023593 0.000000
vt -1.303307 0.020937 0.000000
vt -0.052214 0.023593 0.000000
vt -0.040892 0.027810 0.000000
vt -0.029904 0.034012 0.000000
vt -0.020057 0.041636 0.000000
vt -0.011819 0.050666 0.000000
vt -0.004851 0.061261 0.000000
vt -0.630342 0.012286 0.000000
vt -0.623693 0.010853 0.000000
vt -0.630342 0.340000 0.000000
vt -0.610342 0.340000 0.000000
vt -0.617026 0.009508 0.000000
vt -0.610342 0.008252 0.000000
vt -0.020000 0.008252 0.000000
vt -0.014211 0.009335 0.000000
vt -0.020000 0.340000 0.000000
vt -0.008434 0.010484 0.000000
vt -0.002671 0.340000 0.000000
vt -0.002671 0.011700 0.000000
vt -0.070000 0.065000 0.000000
vt 0.319956 0.008252 0.000000
vt 1.247553 0.065000 0.000000
vt 1.612780 0.008252 0.000000
vt 1.344570 0.077593 0.000000
vt 1.435158 0.114539 0.000000
vt 1.513310 0.173388 0.000000
vt 1.573848 0.250239 0.000000
vt 1.612780 0.340000 0.000000
vt 1.612758 0.340000 0.000000
vt 0.299981 0.008252 0.000000
vt -0.070000 0.020000 0.000000
vt 0.280000 -0.230000 0.000000
vt -0.077037 0.020000 0.000000
vt 0.299981 -0.230000 0.000000
vt 0.292472 -0.666164 0.000000
vt 0.295171 0.651390 0.000000
vt 0.291123 -0.666163 0.000000
vt -0.295171 0.651390 0.000000
vt -0.295171 -0.666163 0.000000
vt 0.293822 -0.666168 0.000000
vt 0.295171 -0.666174 0.000000
vt -0.267666 0.010000 0.000000
vt -0.262618 0.005937 0.000000
vt 7.071164 0.010000 0.000000
vt 7.071164 0.000000 0.000000
vt -0.257268 0.002834 0.000000
vt -0.251242 0.000779 0.000000
vt -0.245000 0.000000 0.000000
vt -0.035574 0.360000 0.000000
vt -6.866337 0.360000 0.000000
vt -0.035574 0.031700 0.000000
vt -6.866337 0.031700 0.000000
vt -0.023026 -1.376747 0.000000
vt -0.017786 -1.373077 0.000000
vt -0.035015 -1.375133 0.000000
vt -0.019635 -1.256289 0.000000
vt -0.039270 -1.256289 0.000000
vt -0.039270 -1.135830 0.000000
vt -0.058905 -1.135830 0.000000
vt -0.058905 -1.015372 0.000000
vt -0.078540 -1.015372 0.000000
vt -0.078540 -0.894913 0.000000
vt -0.098175 -0.894913 0.000000
vt -0.098175 -0.774454 0.000000
vt -0.117810 -0.889011 0.000000
vt -0.117810 -0.774454 0.000000
vt -0.012323 -1.370288 0.000000
vt -0.006251 -1.368447 0.000000
vt -0.000000 -1.249092 0.000000
vt -0.000000 -1.367751 0.000000
vt -0.019635 -1.135830 0.000000
vt -0.000000 -1.130432 0.000000
vt -0.019635 -1.015372 0.000000
vt -0.000000 -1.011773 0.000000
vt -0.019635 -0.894913 0.000000
vt -0.000000 -0.893114 0.000000
vt -0.019635 -0.774454 0.000000
vt -0.000000 -0.774454 0.000000
vt -0.039270 -0.774454 0.000000
vt -0.039270 -0.894913 0.000000
vt -0.039270 -1.015372 0.000000
vt -0.058905 -0.774454 0.000000
vt -0.058905 -0.894913 0.000000
vt -0.078540 -0.774454 0.000000
vt -0.117810 -1.003568 0.000000
vt -0.098175 -1.015372 0.000000
vt -0.078540 -1.135830 0.000000
vt -0.058905 -1.256289 0.000000
vt -0.047487 -1.372763 0.000000
vt -0.117810 -1.118125 0.000000
vt -0.098175 -1.135830 0.000000
vt -0.078540 -1.256289 0.000000
vt -0.071340 -1.366314 0.000000
vt -0.059378 -1.369880 0.000000
vt -0.117810 -1.232682 0.000000
vt -0.098175 -1.256289 0.000000
vt -0.094654 -1.357710 0.000000
vt -0.083322 -1.362170 0.000000
vt -0.117810 -1.347239 0.000000
vt -0.106460 -1.352576 0.000000
vt 0.540850 0.058905 0.000000
vt 0.134150 0.058905 0.000000
vt 0.540850 0.039270 0.000000
vt 0.134150 0.039270 0.000000
vt 0.540850 0.019635 0.000000
vt 0.134150 0.019635 0.000000
vt 0.540850 -0.000000 0.000000
vt 0.134150 -0.000000 0.000000
vt 0.540850 -0.019635 0.000000
vt 0.134150 -0.019635 0.000000
vt 0.540850 -0.039270 0.000000
vt 0.134150 -0.039270 0.000000
vt 0.540850 -0.058905 0.000000
vt 0.134150 -0.058905 0.000000
vt -0.017786 -0.175831 0.000000
vt -0.023026 -0.172162 0.000000
vt -0.019635 -0.292620 0.000000
vt -0.035015 -0.173776 0.000000
vt -0.039270 -0.292620 0.000000
vt -0.047487 -0.176146 0.000000
vt -0.058905 -0.292620 0.000000
vt -0.059378 -0.179029 0.000000
vt -0.071340 -0.182595 0.000000
vt -0.078540 -0.292620 0.000000
vt -0.083322 -0.186739 0.000000
vt -0.094654 -0.191199 0.000000
vt -0.098175 -0.292620 0.000000
vt -0.106460 -0.196333 0.000000
vt -0.117810 -0.316226 0.000000
vt -0.117810 -0.201669 0.000000
vt -0.098175 -0.413079 0.000000
vt -0.117810 -0.430783 0.000000
vt -0.098175 -0.533537 0.000000
vt -0.117810 -0.545340 0.000000
vt -0.098175 -0.653996 0.000000
vt -0.117810 -0.659897 0.000000
vt -0.098175 -0.774454 0.000000
vt -0.117810 -0.774454 0.000000
vt -0.078540 -0.774454 0.000000
vt -0.078540 -0.653996 0.000000
vt -0.078540 -0.533537 0.000000
vt -0.078540 -0.413079 0.000000
vt -0.058905 -0.774454 0.000000
vt -0.058905 -0.653996 0.000000
vt -0.058905 -0.533537 0.000000
vt -0.058905 -0.413079 0.000000
vt -0.039270 -0.774454 0.000000
vt -0.039270 -0.653996 0.000000
vt -0.039270 -0.533537 0.000000
vt -0.039270 -0.413079 0.000000
vt -0.019635 -0.774454 0.000000
vt -0.019635 -0.653996 0.000000
vt -0.019635 -0.533537 0.000000
vt -0.019635 -0.413079 0.000000
vt -0.000000 -0.774454 0.000000
vt -0.000000 -0.655795 0.000000
vt -0.000000 -0.537136 0.000000
vt -0.000000 -0.418476 0.000000
vt -0.000000 -0.299817 0.000000
vt 0.000000 -0.181158 0.000000
vt -0.006251 -0.180462 0.000000
vt -0.012323 -0.178621 0.000000
vt 0.644551 0.175000 0.000000
vt -0.569551 0.175000 0.000000
vt 0.593406 0.086744 0.000000
vt -0.518406 0.086744 0.000000
vt 0.523313 0.012636 0.000000
vt -0.448313 0.012636 0.000000
vt 0.438039 -0.043340 0.000000
vt -0.363039 -0.043340 0.000000
vt 0.240850 -0.090000 0.000000
vt -0.165850 -0.090000 0.000000
vt -0.267167 -0.078176 0.000000
vt 0.342167 -0.078176 0.000000
vt 7.316164 0.000000 0.000000
vt 7.322406 0.000779 0.000000
vt 0.000000 0.000000 0.000000
vt 7.328432 0.002834 0.000000
vt 7.333783 0.005937 0.000000
vt 7.338831 0.010000 0.000000
vt 0.000000 0.010000 0.000000
vt -0.070085 0.352190 0.000000
vt -0.070862 0.352366 0.000000
vt -0.070085 0.025000 0.000000
vt -0.072416 0.025000 0.000000
vt -0.071639 0.352540 0.000000
vt -0.072416 0.352714 0.000000
vt -0.147586 -0.202584 0.000000
vt 0.036485 -0.213636 0.000000
vt -0.147586 0.222226 0.000000
vt 0.442757 0.222226 0.000000
vt 0.442757 -0.213636 0.000000
vt -0.825997 0.353300 0.000000
vt -0.862115 0.359789 0.000000
vt -0.825997 0.025000 0.000000
vt -0.898604 0.363696 0.000000
vt -0.935279 0.365000 0.000000
vt -1.342470 0.365000 0.000000
vt -1.456759 0.025000 0.000000
vt -1.380850 0.363571 0.000000
vt -1.419017 0.359293 0.000000
vt -1.456759 0.352190 0.000000
vt 0.509150 -0.065000 0.000000
vt 0.915850 -0.065000 0.000000
vt 0.509150 0.470942 0.000000
vt 0.915850 0.490943 0.000000
vt -5.743621 0.032810 0.000000
vt -0.256736 0.032810 0.000000
vt -5.743621 0.360000 0.000000
vt -0.256736 0.360000 0.000000
vt 0.590342 0.065000 0.000000
vt 0.000000 0.065000 0.000000
vt 0.590342 0.020000 0.000000
vt 0.000000 0.020000 0.000000
vt 0.295171 -0.114992 0.000000
vt -0.111100 -0.114992 0.000000
vt 0.295171 -0.134972 0.000000
vt -0.112083 -0.134967 0.000000
vt 0.294189 -0.154948 0.000000
vt -0.297652 -1.871057 0.000000
vt 0.292690 -1.871057 0.000000
vt -0.297652 -1.864020 0.000000
vt 0.292690 -1.864020 0.000000
vt 0.700000 0.340000 0.000000
vt -0.612780 0.340000 0.000000
vt 0.700000 0.012286 0.000000
vt -0.612780 0.012286 0.000000
vn 0.049121 0.000000 0.998793
vn 0.049121 0.000000 0.998793
vn 0.049121 0.000000 0.998793
vn 0.049121 0.000000 0.998793
vn 0.001689 -0.999409 0.034333
vn 0.001689 -0.999409 0.034333
vn 0.001689 -0.999409 0.034333
vn 0.001689 -0.999409 0.034333
vn -0.049121 0.000000 -0.998793
vn -0.049121 0.000000 -0.998793
vn -0.049121 0.000000 -0.998793
vn -0.049121 0.000000 -0.998793
vn -0.998793 -0.000000 0.049121
vn -0.998793 -0.000000 0.049121
vn -0.998793 -0.000000 0.049121
vn -0.998793 -0.000000 0.049121
vn -0.998793 -0.000000 0.049121
vn -0.998793 -0.000000 0.049121
vn -0.998793 -0.000000 0.049121
vn -0.998793 -0.000000 0.049121
vn -0.998793 -0.000000 0.049121
vn -0.998793 -0.000000 0.049121
vn -0.998793 -0.000000 0.049121
vn -0.000000 -0.983977 -0.178294
vn -0.000000 -0.984144 -0.177371
vn -0.000000 -0.987071 -0.160282
vn -0.000000 -0.993017 -0.117968
vn -0.000000 -0.998253 -0.059084
vn -0.000000 -0.999999 0.001123
vn -0.000000 -1.000000 -0.000000
vn -0.000000 -1.000000 -0.000000
vn -0.000000 -1.000000 -0.000000
vn -0.000000 -0.954821 -0.297181
vn -0.000000 -0.977282 -0.211942
vn -0.000000 -0.979642 -0.200752
vn -0.000000 -0.981874 -0.189535
vn -0.000000 -0.971322 -0.237767
vn -0.000000 -0.945206 -0.326475
vn -0.000000 -0.936187 -0.351502
vn -0.000000 -0.886586 -0.462564
vn -0.000000 -0.924601 -0.380937
vn -0.000000 -0.910578 -0.413337
vn -0.000000 -0.894617 -0.446833
vn -0.000000 -0.877619 -0.479360
vn -0.000000 -0.859342 -0.511401
vn -0.000000 -0.839775 -0.542935
vn -0.000000 -0.819826 -0.572612
vn -0.000000 -0.750806 -0.660523
vn -0.000000 -0.819797 -0.572654
vn -0.000000 -0.796553 -0.604569
vn -0.000000 -0.775737 -0.631056
vn -0.000000 -0.757805 -0.652481
vn -0.000000 -0.750965 -0.660342
vn -0.000000 -0.746048 -0.665892
vn -0.000000 -0.743233 -0.669033
vn -0.000000 -0.655357 -0.755319
vn -0.000000 -0.742673 -0.669654
vn -0.000000 -0.744419 -0.667713
vn -0.000000 -0.748344 -0.663311
vn -0.000000 -0.754283 -0.656550
vn -0.000000 -0.762002 -0.647575
vn -0.000000 -0.780931 -0.624618
vn -0.000000 -0.571441 -0.820643
vn -0.000000 -0.516601 -0.856226
vn -0.000000 -0.359223 -0.933252
vn -0.000000 -0.401495 -0.915861
vn -0.000000 -0.370963 -0.928648
vn -0.000000 -0.359223 -0.933252
vn -0.000000 -0.571378 -0.820687
vn -0.000000 -0.571315 -0.820731
vn -0.000000 -0.750475 -0.660899
vn -0.000000 -0.750640 -0.660711
vn -0.000000 -0.886373 -0.462971
vn -0.000000 -0.886480 -0.462768
vn -0.000000 -0.971178 -0.238355
vn -0.000000 -0.971250 -0.238061
vn -0.000000 -0.977282 -0.211942
vn -0.000000 -0.989882 -0.141894
vn -0.000000 -1.000000 -0.000000
vn -0.000000 -0.997467 -0.071127
vn -0.000000 -1.000000 -0.000000
vn -0.342020 -0.939693 -0.000000
vn -0.342020 -0.939693 -0.000000
vn -0.342020 -0.939693 -0.000000
vn -0.342020 -0.939693 -0.000000
vn 0.000000 -1.000000 0.000000
vn 0.000000 -1.000000 0.000000
vn 0.000000 -1.000000 0.000000
vn 0.000000 -1.000000 0.000000
vn 0.000000 0.000000 -1.000000
vn 0.000000 0.000000 -1.000000
vn 0.000000 0.000000 -1.000000
vn 0.000000 0.000000 -1.000000
vn 0.000000 0.000000 -1.000000
vn 1.000000 0.000000 0.000000
vn 1.000000 0.000000 0.000000
vn 1.000000 0.000000 0.000000
vn 1.000000 0.000000 0.000000
vn -0.000000 -1.000000 0.000000
vn -0.000000 -1.000000 0.000000
vn -0.000000 -1.000000 0.000000
vn -1.000000 -0.000000 -0.000000
vn -1.000000 -0.000000 -0.000000
vn -1.000000 -0.000000 -0.000000
vn -1.000000 -0.000000 -0.000000
vn 0.000000 0.000000 1.000000
vn 0.000000 0.000000 1.000000
vn 0.000000 0.000000 1.000000
vn 0.000000 0.000000 1.000000
vn 0.000000 0.000000 1.000000
vn -0.000000 -1.000000 0.000000
vn -0.000000 -1.000000 0.000000
vn -0.000000 -1.000000 0.000000
vn -0.000000 -1.000000 0.000000
vn -0.000000 -1.000000 0.000000
vn 0.418999 -0.756708 0.501829
vn 0.282224 -0.897828 0.338016
vn 0.415005 -0.755404 0.507085
vn 0.317132 -0.892848 0.319766
vn 0.412949 -0.751533 0.514463
vn 0.351725 -0.884250 0.307233
vn 0.200858 -0.972817 0.115256
vn 0.270606 -0.958647 0.088134
vn 0.067915 -0.992263 -0.103933
vn 0.170034 -0.974743 -0.144789
vn -0.026605 -0.967520 -0.251390
vn 0.058476 -0.928084 -0.367750
vn -0.116935 -0.915208 -0.385644
vn -0.053064 -0.826776 -0.560023
vn -0.190114 -0.850928 -0.489671
vn -0.260618 -0.767605 -0.585543
vn -0.336406 -0.851173 -0.402909
vn -0.463845 -0.690088 -0.555541
vn 0.132434 -0.978419 0.158614
vn -0.031442 -0.998796 -0.037658
vn -0.192880 -0.953641 -0.231010
vn -0.561097 -0.483283 -0.672018
vn -0.387004 -0.546573 -0.742621
vn -0.327881 -0.663795 -0.672213
vn -0.164750 -0.669283 -0.724512
vn -0.436273 -0.421475 -0.795000
vn -0.619937 -0.253743 -0.742491
vn -0.476165 -0.288970 -0.830520
vn -0.506592 -0.148614 -0.849281
vn -0.348378 -0.245745 -0.904567
vn -0.410531 0.000000 -0.911846
vn -0.529902 0.000005 -0.848059
vn -0.640913 -0.000000 -0.767613
vn -0.266158 -0.468261 -0.842551
vn 0.525881 -0.728454 0.439095
vn 0.412949 -0.751533 0.514463
vn 0.439643 -0.843684 0.308078
vn 0.351348 -0.884341 0.307402
vn 0.397903 -0.908168 0.130018
vn 0.270834 -0.958592 0.088031
vn 0.360340 -0.932813 0.003940
vn 0.315046 -0.940787 -0.125161
vn 0.451057 -0.891721 -0.037169
vn 0.413487 -0.895237 -0.166068
vn 0.592192 -0.799992 -0.096550
vn 0.565300 -0.794682 -0.221170
vn 0.686372 -0.714300 -0.136635
vn 0.664752 -0.702500 -0.254164
vn 0.756271 -0.632771 -0.166294
vn 0.737736 -0.616067 -0.276055
vn 0.860826 -0.455601 -0.226727
vn 0.843833 -0.434488 -0.314907
vn 0.904446 -0.327850 -0.272932
vn 0.887262 -0.308521 -0.342899
vn 0.922345 -0.211947 -0.323045
vn 0.906029 -0.197365 -0.374376
vn 0.920814 -0.128035 -0.368386
vn 0.906859 -0.118484 -0.404436
vn 0.900533 -0.043265 -0.432630
vn 0.892298 -0.039839 -0.449686
vn 0.877567 -0.007132 -0.479402
vn 0.874853 -0.006553 -0.484345
vn 0.865251 0.000042 -0.501338
vn 0.865433 0.000039 -0.501025
vn 0.866016 0.000000 -0.500017
vn 0.169997 -0.974752 -0.144772
vn 0.261959 -0.930606 -0.255636
vn 0.366748 -0.882140 -0.295509
vn 0.527788 -0.776031 -0.345275
vn 0.632430 -0.680201 -0.370620
vn 0.708918 -0.591285 -0.384470
vn 0.819150 -0.409529 -0.401595
vn 0.864872 -0.287393 -0.411583
vn 0.886779 -0.182139 -0.424791
vn 0.891422 -0.108735 -0.439935
vn 0.883727 -0.036397 -0.466585
vn 0.872113 -0.005975 -0.489268
vn 0.865614 0.000036 -0.500712
vn 0.866018 0.000000 -0.500013
vn 0.058190 -0.928153 -0.367621
vn 0.205333 -0.902939 -0.377543
vn 0.314508 -0.853233 -0.416026
vn 0.482404 -0.745040 -0.460653
vn 0.591545 -0.648447 -0.479157
vn 0.671501 -0.559437 -0.485918
vn 0.787727 -0.381406 -0.483752
vn 0.837820 -0.264841 -0.477405
vn 0.864851 -0.166420 -0.473642
vn 0.874606 -0.098836 -0.474654
vn 0.874834 -0.032941 -0.483301
vn 0.869345 -0.005399 -0.494176
vn 0.865795 0.000032 -0.500399
vn 0.866020 0.000000 -0.500009
vn 0.146522 -0.859632 -0.489452
vn -0.052963 -0.826751 -0.560069
vn 0.085550 -0.801334 -0.592068
vn 0.022188 -0.727608 -0.685634
vn 0.197837 -0.753465 -0.627018
vn 0.133307 -0.682759 -0.718380
vn 0.372249 -0.650076 -0.662444
vn 0.307514 -0.586165 -0.749564
vn 0.487815 -0.559456 -0.670108
vn 0.425059 -0.502219 -0.753061
vn 0.573994 -0.476595 -0.665874
vn 0.514006 -0.425572 -0.744773
vn 0.706308 -0.316460 -0.633231
vn 0.656380 -0.279602 -0.700705
vn 0.770540 -0.215785 -0.599754
vn 0.730345 -0.189264 -0.656335
vn 0.813272 -0.133603 -0.566338
vn 0.783635 -0.116501 -0.610200
vn 0.836934 -0.078614 -0.541629
vn 0.816082 -0.068290 -0.573887
vn 0.856090 -0.025991 -0.516172
vn 0.846240 -0.022497 -0.532327
vn 0.863726 -0.004252 -0.503944
vn 0.860874 -0.003681 -0.508804
vn 0.866157 0.000024 -0.499772
vn 0.866338 0.000018 -0.499459
vn 0.866027 0.000000 -0.499997
vn -0.164728 -0.669278 -0.724522
vn -0.043707 -0.637283 -0.769389
vn 0.064300 -0.597023 -0.799643
vn 0.235882 -0.510483 -0.826902
vn 0.354588 -0.435921 -0.827188
vn 0.446129 -0.367769 -0.815913
vn 0.600092 -0.239696 -0.763174
vn 0.685684 -0.161373 -0.709786
vn 0.751403 -0.098928 -0.652385
vn 0.793879 -0.057823 -0.605321
vn 0.836070 -0.018991 -0.548294
vn 0.857995 -0.003112 -0.513648
vn 0.866518 0.000013 -0.499146
vn 0.866029 0.000000 -0.499993
vn -0.128683 -0.500688 -0.856009
vn -0.266345 -0.468306 -0.842467
vn -0.190838 -0.385583 -0.902722
vn -0.348422 -0.245756 -0.904547
vn -0.248906 -0.264090 -0.931828
vn -0.302705 -0.135730 -0.943370
vn -0.165880 -0.246655 -0.954801
vn -0.231213 -0.126704 -0.964617
vn -0.023590 -0.209018 -0.977627
vn -0.103771 -0.106987 -0.988830
vn 0.088596 -0.177724 -0.980084
vn 0.002875 -0.091236 -0.995825
vn 0.183264 -0.147965 -0.971864
vn 0.096300 -0.075225 -0.992506
vn 0.376847 -0.094611 -0.921431
vn 0.300531 -0.047816 -0.952573
vn 0.509024 -0.062680 -0.858467
vn 0.448168 -0.031422 -0.893397
vn 0.626217 -0.038056 -0.778719
vn 0.583370 -0.019084 -0.811982
vn 0.709822 -0.021970 -0.704038
vn 0.681500 -0.010894 -0.731737
vn 0.799406 -0.007082 -0.600749
vn 0.787515 -0.003429 -0.616286
vn 0.848038 -0.001197 -0.529934
vn 0.844927 -0.000614 -0.534882
vn 0.867128 -0.000009 -0.498085
vn 0.867314 -0.000016 -0.497762
vn 0.866039 0.000000 -0.499976
vn -0.282857 -0.000078 -0.959162
vn -0.164063 0.000494 -0.986450
vn 0.038156 0.000745 -0.999272
vn 0.200700 0.000569 -0.979653
vn 0.332725 -0.000213 -0.943024
vn 0.532796 0.000139 -0.846243
vn 0.669717 0.000335 -0.742617
vn 0.820342 -0.000693 -0.571872
vn 0.853080 0.000235 -0.521780
vn 0.867500 -0.000024 -0.497438
vn 0.866042 0.000000 -0.499972
vn 0.958200 -0.262039 -0.114838
vn 0.948764 -0.150527 -0.277827
vn 0.958604 -0.143557 -0.245907
vn 0.919299 -0.051587 -0.390165
vn 0.884109 -0.008561 -0.467203
vn 0.908432 -0.046674 -0.415420
vn 0.880254 -0.007714 -0.474439
vn 0.906661 -0.419511 0.044450
vn 0.925074 -0.367181 -0.097042
vn 0.950033 -0.244744 -0.193748
vn 0.935740 -0.225845 -0.270897
vn 0.933287 -0.137372 -0.331820
vn 0.871349 -0.490622 -0.006370
vn 0.849557 -0.509238 0.137583
vn 0.759320 -0.603296 0.243860
vn 0.620591 -0.692214 0.368384
vn 0.697326 -0.700669 0.150994
vn 0.761106 -0.640174 0.104373
vn 0.765011 -0.641561 -0.056187
vn 0.870365 -0.472798 -0.137571
vn 0.616530 -0.760135 0.205146
vn 0.506666 -0.818786 0.269961
vn 0.866037 0.000000 -0.499980
vn 0.866942 -0.000002 -0.498409
vn 0.866035 0.000000 -0.499984
vn 0.866755 0.000005 -0.498733
vn 0.866032 0.000000 -0.499989
vn 0.866025 0.000000 -0.500001
vn 0.865976 0.000028 -0.500086
vn 0.866023 0.000000 -0.500005
vn 0.866013 0.000000 -0.500021
vn 0.865070 0.000045 -0.501651
vn 0.866010 0.000001 -0.500026
vn 0.864807 0.000047 -0.502104
vn -0.098043 -0.360371 -0.927642
vn 0.056394 -0.306148 -0.950312
vn 0.172446 -0.260392 -0.949978
vn 0.267314 -0.217830 -0.938666
vn 0.449470 -0.140091 -0.882242
vn 0.566708 -0.093342 -0.818614
vn 0.666931 -0.056826 -0.742949
vn 0.736916 -0.032982 -0.675179
vn 0.810977 -0.010729 -0.584980
vn 0.851118 -0.001781 -0.524971
vn -0.027923 -0.468356 -0.883099
vn 0.135936 -0.398900 -0.906863
vn 0.254221 -0.339720 -0.905518
vn 0.348269 -0.285261 -0.892936
vn 0.518327 -0.184503 -0.835042
vn 0.621191 -0.123529 -0.773862
vn 0.705505 -0.075436 -0.704679
vn 0.762782 -0.043942 -0.645161
vn 0.822228 -0.014369 -0.568977
vn 0.854166 -0.002367 -0.519994
vn 0.258162 -0.810159 -0.526303
vn 0.430479 -0.702936 -0.566189
vn 0.543256 -0.608125 -0.578841
vn 0.626449 -0.521164 -0.579612
vn 0.750071 -0.350375 -0.560920
vn 0.806357 -0.240971 -0.540112
vn 0.840342 -0.150241 -0.520819
vn 0.856441 -0.088795 -0.508551
vn 0.865622 -0.029472 -0.499830
vn 0.866549 -0.004825 -0.499068
vn 0.479746 -0.872826 0.089553
vn 0.608988 -0.792716 0.027116
vn 0.697823 -0.716011 -0.019262
vn 0.916508 -0.345304 -0.201937
vn 0.866007 0.000001 -0.500032
vn 0.865795 -0.000000 -0.500398
vn 0.852932 -0.000000 -0.522022
vn 0.866025 -0.000000 -0.500000
vn 0.866025 -0.000000 -0.500000
vn 0.819772 -0.000000 -0.572690
vn 0.747371 -0.000000 -0.664407
vn 0.669637 -0.000000 -0.742688
vn 0.598835 -0.000000 -0.800872
vn 0.532760 -0.000000 -0.846267
vn 0.412112 -0.000000 -0.911133
vn 0.332935 -0.000000 -0.942950
vn 0.307029 -0.000000 -0.951700
vn 0.200594 -0.000000 -0.979675
vn 0.196673 -0.000000 -0.980469
vn 0.083706 -0.000000 -0.996491
vn 0.037718 -0.000000 -0.999288
vn -0.029182 -0.000000 -0.999574
vn -0.164314 -0.000000 -0.986408
vn -0.142387 -0.000000 -0.989811
vn -0.254355 -0.000000 -0.967111
vn -0.282676 -0.000000 -0.959215
vn -0.362279 -0.000000 -0.932070
vn -0.463807 -0.000000 -0.885936
vn -0.529959 -0.000000 -0.848023
vn -0.640913 -0.000000 -0.767613
vn 0.526483 -0.728614 0.438106
vn 0.619973 -0.692942 0.368055
vn 0.412724 -0.751917 0.514081
vn 0.646022 -0.571420 0.506099
vn 0.507572 -0.595289 0.622897
vn 0.711182 -0.395928 0.580914
vn 0.579526 -0.413933 0.702004
vn 0.752371 -0.201686 0.627105
vn 0.625343 -0.211306 0.751196
vn 0.640919 -0.000000 0.767609
vn 0.800902 -0.000000 0.598796
vn 0.854697 -0.185846 0.484720
vn 0.917590 -0.000000 0.397528
vn 0.906812 -0.172551 0.384602
vn 0.964681 -0.147328 0.218370
vn 0.874776 -0.339623 0.345577
vn 0.938870 -0.290319 0.185037
vn 0.823549 -0.492278 0.281832
vn 0.897356 -0.421597 0.130415
vn 0.849823 -0.509034 0.136695
vn 0.906802 -0.419167 0.044819
vn 0.761821 -0.528952 0.373950
vn 0.758579 -0.604180 0.243976
vn 0.940926 -0.337790 -0.023590
vn 0.958226 -0.262109 -0.114460
vn 0.972440 -0.232266 0.020322
vn 0.975022 -0.165729 -0.147874
vn 0.988136 -0.083967 -0.128597
vn 0.953386 -0.047986 -0.297913
vn 0.958103 -0.000000 -0.286425
vn 0.866026 -0.000000 -0.499998
vn 0.866025 -0.000000 -0.500000
vn 0.958463 -0.143815 -0.246305
vn 0.998358 -0.000000 -0.057287
vn 0.991927 -0.117752 0.047063
vn 0.984595 -0.000000 0.174848
vn 0.818875 -0.365461 0.442585
vn 0.866025 -0.000000 -0.500000
vn 0.937804 -0.000000 -0.347166
vn 0.958106 -0.000000 -0.286414
vn 0.982787 -0.000000 -0.184745
vn 0.998355 -0.000000 -0.057334
vn 0.999805 -0.000000 -0.019747
vn 0.989011 0.000000 0.147844
vn 0.947315 0.000000 0.320303
vn 0.917571 0.000000 0.397571
vn 0.873267 0.000000 0.487242
vn 0.800909 0.000000 0.598786
vn 0.769336 0.000000 0.638845
vn 0.640919 0.000000 0.767609
vn -0.620397 -0.250990 -0.743042
vn -0.810918 -0.000000 -0.585160
vn -0.784960 -0.250990 -0.566429
vn -0.930491 -0.000000 -0.366316
vn -0.900705 -0.250990 -0.354590
vn -0.992196 -0.000000 -0.124690
vn -0.960435 -0.250990 -0.120699
vn -0.992196 -0.000000 0.124690
vn -0.960435 -0.250990 0.120699
vn -0.930491 -0.000000 0.366316
vn -0.900705 -0.250990 0.354590
vn -0.810918 -0.000000 0.585160
vn -0.784960 -0.250990 0.566429
vn -0.640913 -0.000000 0.767613
vn -0.620397 -0.250990 0.743042
vn -0.708748 -0.485912 0.511435
vn -0.560163 -0.485912 0.670900
vn -0.587162 -0.689725 0.423698
vn -0.464067 -0.689725 0.555807
vn -0.427985 -0.849382 0.308835
vn -0.338260 -0.849382 0.405130
vn -0.241408 -0.954660 0.174201
vn -0.190798 -0.954660 0.228517
vn -0.039376 -0.998820 0.028414
vn -0.031121 -0.998820 0.037274
vn 0.165176 -0.979035 -0.119192
vn 0.130548 -0.979035 -0.156356
vn 0.359155 -0.896571 -0.259167
vn 0.283860 -0.896571 -0.339975
vn 0.530139 -0.756708 -0.382550
vn 0.418999 -0.756708 -0.501829
vn -0.560163 -0.485912 -0.670900
vn -0.708748 -0.485912 -0.511435
vn -0.813256 -0.485912 -0.320163
vn -0.867187 -0.485912 -0.108980
vn -0.867187 -0.485912 0.108980
vn -0.813256 -0.485912 0.320163
vn -0.464067 -0.689725 -0.555807
vn -0.587162 -0.689725 -0.423698
vn -0.673741 -0.689725 -0.265239
vn -0.718420 -0.689725 -0.090285
vn -0.718420 -0.689725 0.090285
vn -0.673741 -0.689725 0.265239
vn -0.338260 -0.849382 -0.405130
vn -0.427985 -0.849382 -0.308835
vn -0.491093 -0.849382 -0.193334
vn -0.523660 -0.849382 -0.065809
vn -0.523660 -0.849382 0.065809
vn -0.491093 -0.849382 0.193334
vn -0.190798 -0.954660 -0.228517
vn -0.241408 -0.954660 -0.174201
vn -0.277005 -0.954660 -0.109051
vn -0.295374 -0.954660 -0.037120
vn -0.295374 -0.954660 0.037120
vn -0.277005 -0.954660 0.109051
vn -0.031121 -0.998820 -0.037274
vn -0.039376 -0.998820 -0.028414
vn -0.045183 -0.998820 -0.017787
vn -0.048179 -0.998820 -0.006055
vn -0.048179 -0.998820 0.006055
vn -0.045183 -0.998820 0.017787
vn 0.130548 -0.979035 0.156356
vn 0.165176 -0.979035 0.119192
vn 0.189532 -0.979035 0.074615
vn 0.202101 -0.979035 0.025398
vn 0.202101 -0.979035 -0.025398
vn 0.189532 -0.979035 -0.074615
vn 0.283860 -0.896571 0.339975
vn 0.359155 -0.896571 0.259167
vn 0.412113 -0.896571 0.162241
vn 0.439443 -0.896571 0.055225
vn 0.439443 -0.896571 -0.055225
vn 0.412113 -0.896571 -0.162241
vn 0.418999 -0.756708 0.501829
vn 0.530139 -0.756708 0.382550
vn 0.608310 -0.756708 0.239480
vn 0.648650 -0.756708 0.081517
vn 0.648650 -0.756708 -0.081517
vn 0.608310 -0.756708 -0.239480
vn 0.415023 -0.755402 0.507074
vn 0.507408 -0.595926 0.622423
vn 0.626558 -0.600157 0.497228
vn 0.579764 -0.413209 0.702234
vn 0.712288 -0.416081 0.565262
vn 0.625339 -0.211520 0.751139
vn 0.765351 -0.212923 0.607372
vn 0.676508 -0.000000 0.736436
vn 0.806120 -0.052726 0.589398
vn 0.652945 -0.000000 0.757405
vn 0.664809 -0.000000 0.747013
vn 0.880980 -0.212923 0.422537
vn 0.905302 -0.073864 0.418296
vn 0.952744 -0.212923 0.216662
vn 0.974006 -0.073864 0.214143
vn 0.977069 -0.212923 0.000000
vn 0.997268 -0.073864 0.000000
vn 0.974006 -0.073864 -0.214143
vn 0.952744 -0.212923 -0.216662
vn 0.905302 -0.073864 -0.418296
vn 0.880980 -0.212923 -0.422537
vn 0.806088 -0.052717 -0.589444
vn 0.765351 -0.212923 -0.607372
vn 0.676508 -0.000000 -0.736436
vn 0.664809 -0.000000 -0.747013
vn 0.652945 -0.000000 -0.757405
vn 0.640919 -0.000000 -0.767609
vn 0.625339 -0.211519 -0.751139
vn 0.712288 -0.416081 -0.565262
vn 0.579763 -0.413219 -0.702228
vn 0.507412 -0.595919 -0.622425
vn 0.626558 -0.600157 -0.497228
vn 0.412949 -0.751533 -0.514463
vn 0.415023 -0.755402 -0.507074
vn 0.721219 -0.600157 -0.345912
vn 0.819901 -0.416081 -0.393242
vn 0.886689 -0.416081 -0.201641
vn 0.779968 -0.600157 -0.177372
vn 0.909327 -0.416081 0.000000
vn 0.799882 -0.600157 0.000000
vn 0.886689 -0.416081 0.201641
vn 0.779968 -0.600157 0.177372
vn 0.819901 -0.416081 0.393242
vn 0.721219 -0.600157 0.345912
vn -0.619937 -0.253743 0.742491
vn -0.529902 0.000005 0.848059
vn -0.486098 -0.248629 0.837790
vn -0.410531 0.000000 0.911846
vn -0.348378 -0.245745 0.904567
vn -0.415500 -0.478121 0.773796
vn -0.266158 -0.468261 0.842551
vn -0.315847 -0.684420 0.657123
vn -0.164750 -0.669283 0.724512
vn -0.234989 -0.800581 0.551226
vn -0.053064 -0.826776 0.560023
vn -0.150074 -0.888671 0.433291
vn 0.058476 -0.928084 0.367750
vn -0.075363 -0.942827 0.324651
vn 0.002293 -0.978320 0.207084
vn -0.192880 -0.953641 0.231010
vn -0.031442 -0.998796 0.037658
vn -0.561097 -0.483283 0.672018
vn -0.463845 -0.690088 0.555541
vn -0.336406 -0.851173 0.402909
vn 0.132434 -0.978419 -0.158614
vn 0.160288 -0.985954 -0.046925
vn 0.082755 -0.993344 0.080116
vn 0.170034 -0.974743 0.144789
vn 0.232142 -0.957904 -0.168911
vn 0.282224 -0.897828 -0.338016
vn 0.298615 -0.910459 -0.286170
vn 0.359765 -0.843388 -0.399081
vn 0.351725 -0.884250 -0.307233
vn 0.415005 -0.755404 -0.507085
vn 0.270606 -0.958647 -0.088134
vn -0.282857 -0.000078 0.959162
vn -0.281522 -0.188440 0.940870
vn -0.348422 -0.245756 0.904547
vn -0.202316 -0.362737 0.909665
vn -0.266345 -0.468306 0.842467
vn -0.143047 -0.475305 0.868114
vn -0.079924 -0.581820 0.809381
vn -0.043918 -0.444516 0.894693
vn 0.025483 -0.544686 0.838253
vn 0.118064 -0.378369 0.918095
vn 0.194458 -0.464908 0.863740
vn 0.235989 -0.322121 0.916813
vn 0.313324 -0.396494 0.862914
vn 0.330311 -0.270264 0.904352
vn 0.406105 -0.333832 0.850667
vn 0.503148 -0.174578 0.846383
vn 0.566842 -0.216859 0.794772
vn 0.609197 -0.116763 0.784376
vn 0.659475 -0.145667 0.737478
vn 0.697086 -0.071212 0.713443
vn 0.732795 -0.089090 0.674591
vn 0.757063 -0.041475 0.652024
vn 0.781166 -0.052043 0.622151
vn 0.819723 -0.013549 0.572600
vn 0.830366 -0.017065 0.556957
vn 0.853484 -0.002234 0.521114
vn 0.856407 -0.002801 0.516293
vn 0.866797 0.000004 0.498661
vn 0.866617 0.000010 0.498974
vn 0.866035 0.000000 0.499983
vn -0.164728 -0.669278 0.724522
vn -0.013617 -0.680251 0.732853
vn 0.096051 -0.637710 0.764265
vn 0.269135 -0.546199 0.793242
vn 0.387421 -0.467042 0.794844
vn 0.477810 -0.394757 0.784771
vn 0.626335 -0.258117 0.735581
vn 0.706429 -0.174151 0.686024
vn 0.766377 -0.106834 0.633445
vn 0.804083 -0.062570 0.591215
vn 0.840707 -0.020576 0.541099
vn 0.859301 -0.003369 0.511459
vn 0.866436 0.000016 0.499287
vn 0.866033 0.000000 0.499987
vn -0.052963 -0.826751 0.560069
vn 0.051129 -0.762896 0.644497
vn 0.163007 -0.716498 0.678277
vn 0.337595 -0.616452 0.711349
vn 0.454344 -0.529170 0.716624
vn 0.542064 -0.449445 0.710046
vn 0.679714 -0.296627 0.670822
vn 0.749054 -0.201416 0.631150
vn 0.797421 -0.124158 0.590512
vn 0.825672 -0.072971 0.559412
vn 0.850731 -0.024076 0.525049
vn 0.862167 -0.003938 0.506610
vn 0.866256 0.000021 0.499601
vn 0.866031 0.000000 0.499991
vn 0.113374 -0.829533 0.546828
vn 0.058190 -0.928153 0.367621
vn 0.173344 -0.881060 0.440097
vn 0.231192 -0.917453 0.323777
vn 0.284100 -0.831309 0.477716
vn 0.338633 -0.868112 0.362917
vn 0.454714 -0.723289 0.519701
vn 0.503743 -0.760460 0.409810
vn 0.565955 -0.627372 0.534882
vn 0.610958 -0.663878 0.431272
vn 0.647718 -0.539230 0.538231
vn 0.689372 -0.574634 0.441092
vn 0.767837 -0.364747 0.526675
vn 0.802703 -0.394471 0.447281
vn 0.821108 -0.251915 0.512172
vn 0.850589 -0.275190 0.448073
vn 0.851782 -0.157399 0.499693
vn 0.875115 -0.173326 0.451808
vn 0.864812 -0.093345 0.493343
vn 0.882367 -0.103321 0.459079
vn 0.869822 -0.031038 0.492388
vn 0.878889 -0.034500 0.475777
vn 0.867815 -0.005083 0.496861
vn 0.870598 -0.005658 0.491963
vn 0.865894 0.000030 0.500227
vn 0.865713 0.000034 0.500540
vn 0.866024 0.000000 0.500003
vn 0.169997 -0.974752 0.144772
vn 0.286679 -0.937518 0.197166
vn 0.388816 -0.890155 0.237584
vn 0.545931 -0.786109 0.289816
vn 0.648271 -0.691549 0.318598
vn 0.723145 -0.603440 0.336037
vn 0.831212 -0.421240 0.362828
vn 0.875603 -0.297134 0.380830
vn 0.895852 -0.188790 0.402254
vn 0.898569 -0.113155 0.423992
vn 0.887636 -0.037950 0.458979
vn 0.873352 -0.006234 0.487049
vn 0.865532 0.000038 0.500853
vn 0.866022 0.000000 0.500007
vn 0.350490 -0.936208 0.025903
vn 0.270834 -0.958592 -0.088031
vn 0.391008 -0.914363 -0.105135
vn 0.351348 -0.884341 -0.307402
vn 0.423723 -0.875282 -0.233110
vn 0.448886 -0.818637 -0.358240
vn 0.497321 -0.845645 -0.193794
vn 0.511224 -0.797207 -0.321110
vn 0.615725 -0.777214 -0.129695
vn 0.615049 -0.745751 -0.256066
vn 0.699986 -0.709812 -0.078653
vn 0.693455 -0.692191 -0.199978
vn 0.765142 -0.642853 -0.036033
vn 0.756367 -0.636540 -0.150751
vn 0.872782 -0.484108 0.062380
vn 0.868817 -0.494113 -0.031781
vn 0.922725 -0.358400 0.141877
vn 0.925576 -0.372682 0.066457
vn 0.944736 -0.236452 0.227075
vn 0.953063 -0.249389 0.171684
vn 0.942568 -0.144995 0.300901
vn 0.952639 -0.154216 0.262101
vn 0.914767 -0.049502 0.400938
vn 0.922291 -0.052989 0.382847
vn 0.882476 -0.008199 0.470286
vn 0.885204 -0.008803 0.465119
vn 0.864919 0.000046 0.501911
vn 0.864732 0.000048 0.502234
vn 0.866012 0.000000 0.500024
vn 0.524862 -0.728752 -0.439820
vn 0.618893 -0.693007 -0.369747
vn 0.757132 -0.605111 -0.246157
vn 0.847386 -0.512034 -0.140562
vn 0.904845 -0.423034 -0.047929
vn 0.957565 -0.266190 0.110513
vn 0.959209 -0.147458 0.241192
vn 0.864544 0.000049 0.502557
vn 0.866044 0.000000 0.499968
vn 0.867499 -0.000024 0.497439
vn 0.867238 -0.000013 0.497893
vn 0.853081 0.000235 0.521779
vn 0.846190 -0.000849 0.532881
vn 0.820343 -0.000693 0.571872
vn 0.792360 -0.004905 0.610034
vn 0.669717 0.000335 0.742616
vn 0.693090 -0.015376 0.720687
vn 0.532797 0.000139 0.846243
vn 0.600982 -0.026768 0.798815
vn 0.473129 -0.044127 0.879887
vn 0.555867 -0.087489 0.826654
vn 0.435801 -0.131439 0.890394
vn 0.332726 -0.000213 0.943024
vn 0.331798 -0.066892 0.940976
vn 0.251393 -0.204603 0.946012
vn 0.200701 0.000569 0.979652
vn 0.038157 0.000745 0.999271
vn 0.131765 -0.104982 0.985706
vn 0.037708 -0.126664 0.991229
vn 0.156484 -0.244775 0.956869
vn 0.041049 -0.287831 0.956801
vn -0.164063 0.000494 0.986450
vn -0.071386 -0.148828 0.986283
vn -0.111261 -0.338970 0.934195
vn -0.205157 -0.175943 0.962785
vn 0.866009 0.000001 0.500028
vn 0.866014 0.000000 0.500020
vn 0.865107 0.000044 0.501588
vn 0.866016 0.000000 0.500016
vn 0.865294 0.000042 0.501265
vn 0.866019 0.000000 0.500011
vn 0.866026 0.000000 0.499999
vn 0.866075 0.000026 0.499914
vn 0.866028 0.000000 0.499995
vn 0.866037 0.000000 0.499979
vn 0.866977 -0.000003 0.498348
vn 0.866041 0.000000 0.499974
vn 0.474706 -0.877780 -0.064478
vn 0.606412 -0.795146 -0.002555
vn 0.696322 -0.716462 0.042632
vn 0.764025 -0.640436 0.078149
vn 0.869046 -0.469687 0.155410
vn 0.914508 -0.341979 0.216162
vn 0.933326 -0.222728 0.281594
vn 0.930920 -0.135527 0.339147
vn 0.906883 -0.045993 0.418864
vn 0.879719 -0.007597 0.475433
vn 0.443115 -0.893954 0.067042
vn 0.586853 -0.799903 0.125536
vn 0.682265 -0.712464 0.164039
vn 0.752847 -0.629590 0.191931
vn 0.857541 -0.451027 0.247384
vn 0.900901 -0.323509 0.289344
vn 0.918824 -0.208251 0.335251
vn 0.917692 -0.125823 0.376842
vn 0.898641 -0.042465 0.436625
vn 0.876934 -0.006996 0.480559
vn 0.225592 -0.780769 0.582673
vn 0.399340 -0.675293 0.620086
vn 0.513749 -0.582482 0.629902
vn 0.598609 -0.497513 0.627812
vn 0.726834 -0.332141 0.601161
vn 0.787259 -0.227327 0.573189
vn 0.825883 -0.141011 0.545925
vn 0.845913 -0.083229 0.526787
vn 0.860436 -0.027563 0.508812
vn 0.865005 -0.004510 0.501743
vn 0.659347 -0.053208 0.749953
vn 0.731806 -0.030869 0.680813
vn 0.808781 -0.010028 0.588025
vn 0.850531 -0.001669 0.525922
vn 0.866025 0.000000 0.500000
vn 0.866025 0.000000 0.500000
vn 0.937787 0.000000 0.347212
vn 0.958106 0.000000 0.286414
vn 0.982769 0.000000 0.184840
vn 0.998355 0.000000 0.057334
vn 0.999802 0.000000 0.019889
vn 0.984595 -0.000000 -0.174848
vn 0.989025 -0.000000 -0.147746
vn 0.947289 -0.000000 -0.320380
vn 0.917571 -0.000000 -0.397571
vn 0.873159 -0.000000 -0.487435
vn 0.800909 -0.000000 -0.598786
vn 0.769310 -0.000000 -0.638875
vn 0.640919 -0.000000 -0.767609
vn 0.866026 -0.000000 0.499999
vn 0.866263 -0.000012 0.499588
vn 0.958103 0.000000 0.286425
vn 0.953397 -0.048075 0.297862
vn 0.988127 -0.084105 0.128573
vn 0.975104 -0.165398 0.147705
vn 0.972549 -0.231792 -0.020517
vn 0.957462 -0.266598 0.110418
vn 0.940749 -0.338263 0.023871
vn 0.904867 -0.422968 -0.048094
vn 0.897141 -0.422170 -0.130038
vn 0.847623 -0.511869 -0.139734
vn 0.823309 -0.492947 -0.281363
vn 0.756508 -0.605667 -0.246706
vn 0.761543 -0.529694 -0.373465
vn 0.618624 -0.693126 -0.369974
vn 0.645731 -0.572246 -0.505536
vn 0.525819 -0.728283 -0.439451
vn 0.507279 -0.596193 -0.622271
vn 0.413089 -0.751277 -0.514724
vn 0.959044 -0.147485 0.241833
vn 0.579798 -0.413001 -0.702328
vn 0.711412 -0.395069 -0.581217
vn 0.819063 -0.364694 -0.442871
vn 0.874960 -0.338910 -0.345810
vn 0.939013 -0.289719 -0.185251
vn 0.752337 -0.202005 -0.627043
vn 0.625323 -0.211655 -0.751115
vn 0.800902 -0.000000 -0.598796
vn 0.854656 -0.186132 -0.484683
vn 0.917590 -0.000000 -0.397528
vn 0.906789 -0.172808 -0.384540
vn 0.964655 -0.147547 -0.218336
vn 0.991906 -0.117933 -0.047058
vn 0.998358 0.000000 0.057287
vn -0.529959 -0.000000 0.848023
vn -0.640913 -0.000000 0.767613
vn -0.463807 -0.000000 0.885936
vn -0.362279 -0.000000 0.932070
vn -0.282676 -0.000000 0.959215
vn -0.254355 -0.000000 0.967111
vn -0.164314 -0.000000 0.986408
vn -0.142387 -0.000000 0.989811
vn -0.029182 -0.000000 0.999574
vn 0.037718 0.000000 0.999288
vn 0.083706 0.000000 0.996491
vn 0.200594 0.000000 0.979674
vn 0.196673 0.000000 0.980469
vn 0.307029 0.000000 0.951700
vn 0.332936 0.000000 0.942950
vn 0.412112 0.000000 0.911133
vn 0.532760 0.000000 0.846266
vn 0.598835 0.000000 0.800872
vn 0.669638 0.000000 0.742688
vn 0.747371 0.000000 0.664407
vn 0.819772 0.000000 0.572690
vn 0.866025 0.000000 0.500000
vn 0.852932 0.000000 0.522022
vn 0.865796 0.000000 0.500398
vn 0.866025 0.000000 0.500000
vn -0.707107 -0.000000 -0.707107
vn -0.500000 -0.000000 -0.866025
vn -0.500000 -0.000000 -0.866025
vn -0.335766 -0.000000 -0.941946
vn -0.258819 -0.000000 -0.965926
vn -0.161297 -0.000000 -0.986906
vn -0.083428 -0.000000 -0.996514
vn -0.000000 -0.000000 -1.000000
vn -0.000000 -0.000000 -1.000000
vn -0.866025 -0.000000 -0.500000
vn -0.965926 -0.000000 -0.258819
vn -1.000000 -0.000000 -0.000000
vn -0.965926 -0.000000 0.258819
vn -0.866025 -0.000000 0.500000
vn -0.707107 -0.000000 0.707107
vn -0.500000 -0.000000 0.866025
vn -0.500000 -0.000000 0.866025
vn -0.335766 -0.000000 0.941946
vn -0.258819 -0.000000 0.965926
vn -0.161297 -0.000000 0.986906
vn -0.083428 -0.000000 0.996514
vn -0.000000 -0.000000 1.000000
vn -0.000000 -0.000000 1.000000
vn -0.000000 -0.998100 0.061616
vn -0.000000 -1.000000 -0.000000
vn -0.000000 -0.999999 0.001125
vn -0.000000 -1.000000 -0.000000
vn -0.000000 -1.000000 -0.000000
vn -0.000000 -0.987064 0.160324
vn -0.000000 -0.992641 0.121097
vn -0.000000 -0.983977 0.178294
vn -0.000000 -0.983809 0.179219
vn -0.000000 -0.981537 0.191273
vn -0.000000 -0.978925 0.204219
vn -0.000000 -0.976143 0.217129
vn -0.000000 -0.976143 0.217129
vn -0.000000 -0.975806 0.218637
vn -0.000000 -0.975467 0.220144
vn -0.000000 -0.975126 0.221651
vn -0.000000 -0.975126 0.221651
vn -0.000000 -0.971178 0.238355
vn -0.000000 -0.971178 0.238355
vn -0.000000 -0.954821 0.297181
vn -0.000000 -0.945206 0.326475
vn -0.000000 -0.936191 0.351492
vn -0.000000 -0.886373 0.462971
vn -0.000000 -0.924616 0.380901
vn -0.000000 -0.910585 0.413321
vn -0.000000 -0.894608 0.446852
vn -0.000000 -0.877603 0.479387
vn -0.000000 -0.859331 0.511419
vn -0.000000 -0.839769 0.542944
vn -0.000000 -0.819826 0.572612
vn -0.000000 -0.750806 0.660523
vn -0.000000 -0.819797 0.572654
vn -0.000000 -0.796553 0.604569
vn -0.000000 -0.775737 0.631056
vn -0.000000 -0.757805 0.652481
vn -0.000000 -0.750965 0.660342
vn -0.000000 -0.746048 0.665892
vn -0.000000 -0.743233 0.669033
vn -0.000000 -0.742673 0.669654
vn -0.000000 -0.655357 0.755319
vn -0.000000 -0.744419 0.667713
vn -0.000000 -0.748344 0.663311
vn -0.000000 -0.754283 0.656550
vn -0.000000 -0.762002 0.647575
vn -0.000000 -0.780931 0.624618
vn -0.000000 -0.971178 0.238355
vn -0.000000 -0.988919 0.148454
vn -0.000000 -1.000000 0.000000
vn -0.000000 -0.997226 0.074434
vn -0.000000 -1.000000 -0.000000
vn -0.000000 -0.886373 0.462971
vn -0.000000 -0.886373 0.462971
vn -0.000000 -0.750640 0.660711
vn -0.000000 -0.750475 0.660899
vn -0.000000 -0.571315 0.820731
vn -0.000000 -0.571315 0.820731
vn -0.000000 -0.359223 0.933252
vn -0.000000 -0.359223 0.933252
vn -0.000000 -0.571315 0.820731
vn -0.000000 -0.370963 0.928648
vn -0.000000 -0.401495 0.915861
vn -0.000000 -0.516601 0.856226
vn -0.000000 1.000000 0.000000
vn 0.000000 1.000000 -0.000000
vn 0.255309 0.966859 -0.000000
vn 0.255309 0.966859 -0.000000
vn 0.493696 0.869634 -0.000000
vn 0.493696 0.869634 -0.000000
vn 0.699361 0.714769 -0.000000
vn 0.699361 0.714769 -0.000000
vn 0.858671 0.512528 -0.000000
vn 0.858671 0.512528 -0.000000
vn 0.961067 0.276316 -0.000000
vn 0.961067 0.276316 -0.000000
vn 0.961012 0.276316 0.010238
vn 0.905616 0.424000 0.009141
vn 0.961043 0.276316 0.006825
vn 0.961061 0.276316 0.003413
vn 0.824406 0.565947 0.007727
vn 0.722112 0.691748 0.006209
vn 0.603451 0.797386 0.004735
vn 0.464125 0.885764 0.003303
vn 0.319570 0.947560 0.002074
vn 0.159955 0.987124 0.000946
vn -0.000000 1.000000 -0.000000
vn -0.000000 1.000000 -0.000000
vn -0.000000 1.000000 -0.000000
vn 0.000000 0.000000 1.000000
vn 0.000000 0.000000 1.000000
vn 0.000000 0.000000 1.000000
vn 0.000000 0.000000 1.000000
vn 0.000000 0.000000 1.000000
vn 0.000000 0.000000 1.000000
vn 0.000000 0.000000 1.000000
vn 0.000000 0.000000 1.000000
vn 0.000000 0.000000 1.000000
vn 0.000000 0.000000 1.000000
vn 0.000000 0.000000 1.000000
vn 0.000000 0.000000 1.000000
vn 0.000000 0.000000 1.000000
vn 0.000000 0.000000 1.000000
vn 0.000000 0.000000 1.000000
vn 0.000000 0.000000 1.000000
vn -0.000000 1.000000 -0.000000
vn -0.000000 1.000000 -0.000000
vn -0.000000 1.000000 -0.000000
vn -0.000000 1.000000 -0.000000
vn -0.000000 1.000000 -0.000000
vn -0.000000 1.000000 -0.000000
vn -0.000000 1.000000 -0.000000
vn -0.000000 1.000000 -0.000000
vn -0.000000 1.000000 -0.000000
vn -0.000000 1.000000 -0.000000
vn -0.000000 1.000000 -0.000000
vn -0.000000 1.000000 -0.000000
vn -0.000000 1.000000 -0.000000
vn -0.000000 1.000000 -0.000000
vn -0.000000 1.000000 -0.000000
vn -0.000000 1.000000 -0.000000
vn -0.000000 1.000000 -0.000000
vn -0.000000 1.000000 -0.000000
vn -0.000000 1.000000 -0.000000
vn -0.000000 1.000000 -0.000000
vn -0.000000 1.000000 -0.000000
vn -0.000000 1.000000 -0.000000
vn -0.000000 1.000000 -0.000000
vn -0.000000 1.000000 -0.000000
vn -0.000000 1.000000 -0.000000
vn -0.000000 1.000000 -0.000000
vn -0.000000 1.000000 -0.000000
vn -0.000000 1.000000 -0.000000
vn -0.000000 1.000000 -0.000000
vn -0.000000 1.000000 -0.000000
vn -0.000000 1.000000 -0.000000
vn -0.000000 1.000000 -0.000000
vn -0.000000 1.000000 -0.000000
vn -0.000000 1.000000 -0.000000
vn -0.000000 1.000000 -0.000000
vn -0.000000 1.000000 -0.000000
vn -0.000000 1.000000 -0.000000
vn -0.000000 1.000000 -0.000000
vn -0.000000 1.000000 -0.000000
vn -0.000000 1.000000 -0.000000
vn -0.000000 1.000000 -0.000000
vn -0.000000 1.000000 -0.000000
vn -0.000000 1.000000 -0.000000
vn 1.000000 -0.000000 -0.000000
vn 1.000000 -0.000000 -0.000000
vn 1.000000 -0.000000 -0.000000
vn 1.000000 -0.000000 -0.000000
vn 1.000000 -0.000000 -0.000000
vn 1.000000 -0.000000 -0.000000
vn 1.000000 -0.000000 -0.000000
vn 1.000000 -0.000000 -0.000000
vn 1.000000 -0.000000 -0.000000
vn 1.000000 -0.000000 -0.000000
vn 1.000000 -0.000000 -0.000000
vn 1.000000 -0.000000 -0.000000
vn 0.000000 0.000000 -1.000000
vn 0.000000 0.000000 -1.000000
vn 0.000000 0.000000 -1.000000
vn 0.000000 0.000000 -1.000000
vn 0.000000 0.000000 -1.000000
vn 0.000000 0.000000 -1.000000
vn 0.000000 0.000000 -1.000000
vn 0.000000 0.000000 -1.000000
vn 0.000000 0.000000 -1.000000
vn 0.000000 0.000000 -1.000000
vn 0.000000 0.000000 -1.000000
vn 0.000000 0.000000 -1.000000
vn 0.000000 0.000000 -1.000000
vn 0.000000 0.000000 -1.000000
vn 0.000000 0.000000 -1.000000
vn -0.000000 1.000000 -0.000000
vn -0.000000 1.000000 -0.000000
vn 0.000000 0.000000 -1.000000
vn 0.000000 0.000000 -1.000000
vn 0.000000 0.000000 -1.000000
vn 0.000000 0.000000 -1.000000
vn 0.000000 0.000000 -1.000000
vn 0.000000 0.000000 1.000000
vn 0.000000 0.000000 1.000000
vn 0.000000 0.000000 1.000000
vn 0.000000 0.000000 1.000000
vn 0.302218 -0.326137 0.895711
vn 0.234924 -0.339350 0.910853
vn 0.450090 -0.308267 0.838088
vn 0.258819 -0.540218 0.800736
vn 0.500000 -0.484346 0.717920
vn 0.500000 -0.643625 0.579437
vn 0.707107 -0.525518 0.473108
vn 0.707107 -0.624355 0.331936
vn 0.866025 -0.441485 0.234714
vn 0.866025 -0.485151 0.120949
vn 0.965926 -0.251133 0.062608
vn 0.965926 -0.258819 -0.000000
vn 1.000000 -0.000000 0.000000
vn 1.000000 0.000000 0.000000
vn 0.163574 -0.349643 0.922493
vn 0.083248 -0.356663 0.930517
vn 0.258819 -0.717870 0.646278
vn 0.258819 -0.852884 0.453433
vn 0.258819 -0.937239 0.233656
vn 0.258819 -0.965926 -0.000000
vn 0.500000 -0.866025 -0.000000
vn 0.500000 -0.840306 0.209490
vn 0.500000 -0.764675 0.406537
vn 0.707107 -0.707107 -0.000000
vn 0.707107 -0.686107 0.171048
vn 0.866025 -0.500000 -0.000000
vn 1.000000 -0.000000 0.000000
vn 0.965926 -0.228530 0.121497
vn 0.866025 -0.371597 0.334538
vn 0.707107 -0.395467 0.586179
vn 0.591694 -0.281930 0.755257
vn 1.000000 -0.000000 0.000000
vn 0.965926 -0.192353 0.173170
vn 0.866025 -0.279637 0.414491
vn 0.814116 -0.210181 0.541330
vn 0.711557 -0.249566 0.656813
vn 1.000000 0.000000 -0.000000
vn 0.965926 -0.144751 0.214556
vn 0.952716 -0.114906 0.281298
vn 0.896126 -0.164101 0.412345
vn 1.000000 -0.000000 0.000000
vn 0.988571 -0.058460 0.138962
vn 0.258819 -0.965926 -0.000000
vn 0.500000 -0.866025 -0.000000
vn 0.707107 -0.707107 -0.000000
vn 0.866025 -0.500000 -0.000000
vn 0.965926 -0.258819 -0.000000
vn 1.000000 0.000000 0.000000
vn 0.234924 -0.339350 -0.910853
vn 0.302218 -0.326137 -0.895711
vn 0.258819 -0.540218 -0.800736
vn 0.450090 -0.308267 -0.838088
vn 0.500000 -0.484346 -0.717920
vn 0.591694 -0.281930 -0.755257
vn 0.707107 -0.395467 -0.586179
vn 0.711557 -0.249566 -0.656813
vn 0.814116 -0.210181 -0.541330
vn 0.866025 -0.279637 -0.414491
vn 0.896126 -0.164101 -0.412345
vn 0.952716 -0.114906 -0.281298
vn 0.965926 -0.144751 -0.214556
vn 0.988571 -0.058460 -0.138962
vn 1.000000 -0.000000 -0.000000
vn 1.000000 0.000000 0.000000
vn 0.965926 -0.192353 -0.173170
vn 1.000000 0.000000 0.000000
vn 0.965926 -0.228530 -0.121497
vn 1.000000 -0.000000 -0.000000
vn 0.965926 -0.251133 -0.062608
vn 1.000000 -0.000000 -0.000000
vn 0.866025 -0.485151 -0.120949
vn 0.866025 -0.441485 -0.234714
vn 0.866025 -0.371597 -0.334538
vn 0.707107 -0.686107 -0.171048
vn 0.707107 -0.624355 -0.331936
vn 0.707107 -0.525518 -0.473108
vn 0.500000 -0.840306 -0.209490
vn 0.500000 -0.764675 -0.406537
vn 0.500000 -0.643625 -0.579437
vn 0.258819 -0.937239 -0.233656
vn 0.258819 -0.852884 -0.453433
vn 0.258819 -0.717870 -0.646278
vn 0.083248 -0.356663 -0.930517
vn 0.163574 -0.349643 -0.922493
vn 0.000000 -0.000000 1.000000
vn 0.000000 -0.000000 1.000000
vn 0.000000 -0.000000 1.000000
vn 0.000000 -0.000000 1.000000
vn 0.000000 -0.000000 1.000000
vn 0.998793 -0.000000 -0.049121
vn 0.998793 -0.000000 -0.049121
vn 0.998793 -0.000000 -0.049121
vn 0.998793 -0.000000 -0.049121
vn 0.998793 -0.000000 -0.049121
vn 0.998793 -0.000000 -0.049121
vn 0.573576 -0.819152 0.000000
vn 0.573576 -0.819152 0.000000
vn 0.573576 -0.819152 0.000000
vn 0.573576 -0.819152 0.000000
vn 0.573576 -0.819152 0.000000
vn -0.998793 -0.000000 -0.049121
vn -0.998793 -0.000000 -0.049121
vn -0.998793 -0.000000 -0.049121
vn -0.998793 -0.000000 -0.049121
vn -0.998793 -0.000000 -0.049121
vn -0.998793 -0.000000 -0.049121
vn -0.998793 -0.000000 -0.049121
vn -0.998793 -0.000000 -0.049121
vn -0.998793 -0.000000 -0.049121
vn -0.998793 -0.000000 -0.049121
vn 0.000000 0.000000 -1.000000
vn 0.000000 0.000000 -1.000000
vn 0.000000 0.000000 -1.000000
vn 0.000000 0.000000 -1.000000
vn 1.000000 0.000000 0.000000
vn 1.000000 0.000000 0.000000
vn 1.000000 0.000000 0.000000
vn 1.000000 0.000000 0.000000
vn 0.000000 -1.000000 0.000000
vn 0.000000 -1.000000 0.000000
vn 0.000000 -1.000000 0.000000
vn 0.000000 -1.000000 0.000000
vn 0.000000 -1.000000 0.000000
vn 0.000000 1.000000 -0.000000
vn 0.000000 1.000000 -0.000000
vn 0.000000 1.000000 -0.000000
vn 0.000000 1.000000 -0.000000
vn 0.000000 -0.000000 -1.000000
vn 0.000000 -0.000000 -1.000000
vn 0.000000 -0.000000 -1.000000
vn 0.000000 -0.000000 -1.000000
usemtl Stahl_-_satiniert
f 2/1/1 3/2/2 1/3/3
f 1/3/3 3/2/2 4/4/4
f 5/5/5 1/6/6 6/7/7
f 6/7/7 1/6/6 4/8/8
f 7/9/9 8/10/10 10/11/11
f 10/11/11 8/10/10 9/12/12
f 3/13/13 11/14/14 4/15/15
f 4/15/15 11/14/14 12/16/16
f 4/15/15 12/16/16 13/17/17
f 4/15/15 13/17/17 6/18/18
f 6/18/18 13/17/17 14/19/19
f 6/18/18 14/19/19 9/20/20
f 9/20/20 14/19/19 15/21/21
f 9/20/20 15/21/21 16/22/22
f 16/22/22 10/23/23 9/20/20
f 62/24/24 10/25/25 20/26/26
f 20/26/26 10/25/25 16/27/27
f 20/26/26 16/27/27 15/28/28
f 14/29/29 17/30/30 15/28/28
f 15/28/28 17/30/30 18/31/31
f 15/28/28 18/31/31 19/32/32
f 19/32/32 20/26/26 15/28/28
f 21/33/33 59/34/34 20/26/26
f 20/26/26 59/34/34 60/35/35
f 20/26/26 60/35/35 61/36/36
f 59/34/34 21/33/33 63/37/37
f 63/37/37 21/33/33 22/38/38
f 63/37/37 22/38/38 23/39/39
f 63/37/37 23/39/39 65/40/40
f 65/40/40 23/39/39 24/41/41
f 65/40/40 24/41/41 25/42/42
f 25/42/42 26/43/43 65/40/40
f 65/40/40 26/43/43 27/44/44
f 65/40/40 27/44/44 28/45/45
f 28/45/45 29/46/46 65/40/40
f 65/40/40 29/46/46 30/47/47
f 65/40/40 30/47/47 67/48/48
f 67/48/48 30/47/47 31/49/49
f 67/48/48 31/49/49 32/50/50
f 32/50/50 33/51/51 67/48/48
f 67/48/48 33/51/51 34/52/52
f 67/48/48 34/52/52 35/53/53
f 35/53/53 36/54/54 67/48/48
f 67/48/48 36/54/54 37/55/55
f 67/48/48 37/55/55 44/56/56
f 44/56/56 37/55/55 38/57/57
f 44/56/56 38/57/57 39/58/58
f 39/58/58 40/59/59 44/56/56
f 44/56/56 40/59/59 41/60/60
f 44/56/56 41/60/60 42/61/61
f 42/61/61 43/62/62 44/56/56
f 67/48/48 44/56/56 69/63/63
f 69/63/63 44/56/56 45/64/64
f 69/63/63 45/64/64 49/65/65
f 49/65/65 45/64/64 46/66/66
f 49/65/65 46/66/66 47/67/67
f 47/67/67 48/68/68 49/65/65
f 69/63/63 49/65/65 70/69/69
f 70/69/69 49/65/65 50/70/70
f 70/69/69 50/70/70 51/71/71
f 70/69/69 51/71/71 68/72/72
f 68/72/72 51/71/71 52/73/73
f 68/72/72 52/73/73 66/74/74
f 66/74/74 52/73/73 53/75/75
f 66/74/74 53/75/75 64/76/76
f 64/76/76 53/75/75 58/77/77
f 64/76/76 58/77/77 63/37/37
f 63/37/37 58/77/77 59/34/34
f 58/77/77 53/75/75 57/78/78
f 57/78/78 53/75/75 54/79/79
f 57/78/78 54/79/79 56/80/80
f 56/80/80 54/79/79 55/81/81
f 61/36/36 62/24/24 20/26/26
f 69/63/63 70/69/69 68/72/72
f 66/74/74 64/76/76 65/40/40
f 65/40/40 64/76/76 63/37/37
f 68/72/72 66/74/74 67/48/48
f 67/48/48 66/74/74 65/40/40
f 69/63/63 68/72/72 67/48/48
f 72/82/82 73/83/83 71/84/84
f 71/84/84 73/83/83 74/85/85
f 73/86/86 72/87/87 76/88/88
f 76/88/88 72/87/87 75/89/89
f 75/90/90 72/91/91 17/92/92
f 17/92/92 72/91/91 71/93/93
f 17/92/92 71/93/93 18/94/94
f 17/95/95 77/96/96 75/97/97
f 75/97/97 77/96/96 76/98/98
f 13/99/99 77/100/100 14/101/101
f 14/101/101 77/100/100 17/102/30
f 71/103/102 74/104/103 18/105/104
f 18/105/104 74/104/103 78/106/105
f 78/107/106 74/108/107 77/109/108
f 77/109/108 74/108/107 73/110/109
f 77/109/108 73/110/109 76/111/110
f 78/112/111 81/113/112 18/114/31
f 18/114/31 81/113/112 82/115/113
f 18/114/31 82/115/113 19/116/32
f 79/117/114 80/118/115 78/112/111
f 78/112/111 80/118/115 81/113/112
f 83/119/116 84/120/117 104/121/118
f 104/121/118 84/120/117 116/122/119
f 104/121/118 116/122/119 103/123/120
f 103/123/120 116/122/119 102/124/121
f 102/124/121 116/122/119 115/125/122
f 102/124/121 115/125/122 101/126/123
f 101/126/123 115/125/122 114/127/124
f 101/126/123 114/127/124 100/128/125
f 100/128/125 114/127/124 113/129/126
f 100/128/125 113/129/126 99/130/127
f 99/130/127 113/129/126 112/131/128
f 99/130/127 112/131/128 98/132/129
f 98/132/129 112/131/128 111/133/130
f 98/132/129 111/133/130 110/134/131
f 110/134/131 111/133/130 88/135/132
f 110/134/131 88/135/132 89/136/133
f 116/122/119 84/120/117 115/125/122
f 115/125/122 84/120/117 85/137/134
f 115/125/122 85/137/134 114/127/124
f 114/127/124 85/137/134 86/138/135
f 114/127/124 86/138/135 113/129/126
f 113/129/126 86/138/135 87/139/136
f 113/129/126 87/139/136 112/131/128
f 112/131/128 87/139/136 88/135/132
f 112/131/128 88/135/132 111/133/130
f 90/140/137 108/141/138 89/136/133
f 89/136/133 108/141/138 109/142/139
f 89/136/133 109/142/139 110/134/131
f 110/134/131 109/142/139 97/143/140
f 110/134/131 97/143/140 98/132/129
f 108/141/138 90/140/137 107/144/141
f 107/144/141 90/140/137 91/145/142
f 107/144/141 91/145/142 106/146/143
f 106/146/143 91/145/142 105/147/144
f 106/146/143 105/147/144 95/148/145
f 95/148/145 105/147/144 94/149/146
f 94/149/146 105/147/144 93/150/147
f 93/150/147 105/147/144 92/151/148
f 92/151/148 105/147/144 91/145/142
f 106/146/143 95/148/145 107/144/141
f 107/144/141 95/148/145 96/152/149
f 107/144/141 96/152/149 108/141/138
f 108/141/138 96/152/149 97/143/140
f 108/141/138 97/143/140 109/142/139
f 134/153/150 103/154/151 140/155/152
f 140/155/152 103/154/151 102/156/153
f 140/155/152 102/156/153 152/157/154
f 152/157/154 102/156/153 101/158/155
f 152/157/154 101/158/155 151/159/156
f 151/159/156 101/158/155 150/160/157
f 151/159/156 150/160/157 169/161/158
f 169/161/158 150/160/157 170/162/159
f 169/161/158 170/162/159 164/163/160
f 164/163/160 170/162/159 163/164/161
f 164/163/160 163/164/161 191/165/162
f 191/165/162 163/164/161 190/166/163
f 191/165/162 190/166/163 209/167/164
f 209/167/164 190/166/163 210/168/165
f 209/167/164 210/168/165 204/169/166
f 204/169/166 210/168/165 203/170/167
f 204/169/166 203/170/167 232/171/168
f 232/171/168 203/170/167 231/172/169
f 232/171/168 231/172/169 245/173/170
f 245/173/170 231/172/169 244/174/171
f 245/173/170 244/174/171 264/175/172
f 264/175/172 244/174/171 265/176/173
f 264/175/172 265/176/173 259/177/174
f 259/177/174 265/176/173 258/178/175
f 259/177/174 258/178/175 287/179/176
f 287/179/176 258/178/175 286/180/177
f 287/179/176 286/180/177 300/181/178
f 300/181/178 286/180/177 299/182/179
f 300/181/178 299/182/179 127/183/180
f 101/158/155 100/184/181 150/160/157
f 150/160/157 100/184/181 149/185/182
f 150/160/157 149/185/182 170/162/159
f 170/162/159 149/185/182 171/186/183
f 170/162/159 171/186/183 163/164/161
f 163/164/161 171/186/183 162/187/184
f 163/164/161 162/187/184 190/166/163
f 190/166/163 162/187/184 189/188/185
f 190/166/163 189/188/185 210/168/165
f 210/168/165 189/188/185 211/189/186
f 210/168/165 211/189/186 203/170/167
f 203/170/167 211/189/186 202/190/187
f 203/170/167 202/190/187 231/172/169
f 231/172/169 202/190/187 230/191/188
f 231/172/169 230/191/188 244/174/171
f 244/174/171 230/191/188 243/192/189
f 244/174/171 243/192/189 265/176/173
f 265/176/173 243/192/189 266/193/190
f 265/176/173 266/193/190 258/178/175
f 258/178/175 266/193/190 257/194/191
f 258/178/175 257/194/191 286/180/177
f 286/180/177 257/194/191 285/195/192
f 286/180/177 285/195/192 299/182/179
f 299/182/179 285/195/192 298/196/193
f 299/182/179 298/196/193 127/197/194
f 100/184/181 99/198/195 149/185/182
f 149/185/182 99/198/195 148/199/196
f 149/185/182 148/199/196 171/186/183
f 171/186/183 148/199/196 172/200/197
f 171/186/183 172/200/197 162/187/184
f 162/187/184 172/200/197 161/201/198
f 162/187/184 161/201/198 189/188/185
f 189/188/185 161/201/198 188/202/199
f 189/188/185 188/202/199 211/189/186
f 211/189/186 188/202/199 212/203/200
f 211/189/186 212/203/200 202/190/187
f 202/190/187 212/203/200 201/204/201
f 202/190/187 201/204/201 230/191/188
f 230/191/188 201/204/201 229/205/202
f 230/191/188 229/205/202 243/192/189
f 243/192/189 229/205/202 242/206/203
f 243/192/189 242/206/203 266/193/190
f 266/193/190 242/206/203 267/207/204
f 266/193/190 267/207/204 257/194/191
f 257/194/191 267/207/204 256/208/205
f 257/194/191 256/208/205 285/195/192
f 285/195/192 256/208/205 284/209/206
f 285/195/192 284/209/206 298/196/193
f 298/196/193 284/209/206 297/210/207
f 298/196/193 297/210/207 127/211/208
f 148/199/196 99/198/195 147/212/209
f 147/212/209 99/198/195 98/213/210
f 147/212/209 98/213/210 146/214/211
f 146/214/211 98/213/210 145/215/212
f 146/214/211 145/215/212 174/216/213
f 174/216/213 145/215/212 175/217/214
f 174/216/213 175/217/214 159/218/215
f 159/218/215 175/217/214 158/219/216
f 159/218/215 158/219/216 186/220/217
f 186/220/217 158/219/216 185/221/218
f 186/220/217 185/221/218 214/222/219
f 214/222/219 185/221/218 215/223/220
f 214/222/219 215/223/220 199/224/221
f 199/224/221 215/223/220 198/225/222
f 199/224/221 198/225/222 227/226/223
f 227/226/223 198/225/222 226/227/224
f 227/226/223 226/227/224 240/228/225
f 240/228/225 226/227/224 239/229/226
f 240/228/225 239/229/226 269/230/227
f 269/230/227 239/229/226 270/231/228
f 269/230/227 270/231/228 254/232/229
f 254/232/229 270/231/228 253/233/230
f 254/232/229 253/233/230 282/234/231
f 282/234/231 253/233/230 281/235/232
f 282/234/231 281/235/232 295/236/233
f 295/236/233 281/235/232 294/237/234
f 295/236/233 294/237/234 127/238/235
f 98/213/210 97/239/236 145/215/212
f 145/215/212 97/239/236 144/240/237
f 145/215/212 144/240/237 175/217/214
f 175/217/214 144/240/237 176/241/238
f 175/217/214 176/241/238 158/219/216
f 158/219/216 176/241/238 157/242/239
f 158/219/216 157/242/239 185/221/218
f 185/221/218 157/242/239 184/243/240
f 185/221/218 184/243/240 215/223/220
f 215/223/220 184/243/240 216/244/241
f 215/223/220 216/244/241 198/225/222
f 198/225/222 216/244/241 197/245/242
f 198/225/222 197/245/242 226/227/224
f 226/227/224 197/245/242 225/246/243
f 226/227/224 225/246/243 239/229/226
f 239/229/226 225/246/243 238/247/244
f 239/229/226 238/247/244 270/231/228
f 270/231/228 238/247/244 271/248/245
f 270/231/228 271/248/245 253/233/230
f 253/233/230 271/248/245 252/249/246
f 253/233/230 252/249/246 281/235/232
f 281/235/232 252/249/246 280/250/247
f 281/235/232 280/250/247 294/237/234
f 294/237/234 280/250/247 293/251/248
f 294/237/234 293/251/248 127/252/249
f 144/240/237 97/239/236 143/253/250
f 143/253/250 97/239/236 96/254/251
f 143/253/250 96/254/251 142/255/252
f 142/255/252 96/254/251 95/256/253
f 142/255/252 95/256/253 141/257/254
f 141/257/254 95/256/253 139/258/255
f 141/257/254 139/258/255 179/259/256
f 179/259/256 139/258/255 180/260/257
f 179/259/256 180/260/257 154/261/258
f 154/261/258 180/260/257 153/262/259
f 154/261/258 153/262/259 181/263/260
f 181/263/260 153/262/259 137/264/261
f 181/263/260 137/264/261 219/265/262
f 219/265/262 137/264/261 220/266/263
f 219/265/262 220/266/263 194/267/264
f 194/267/264 220/266/263 193/268/265
f 194/267/264 193/268/265 222/269/266
f 222/269/266 193/268/265 221/270/267
f 222/269/266 221/270/267 235/271/268
f 235/271/268 221/270/267 136/272/269
f 235/271/268 136/272/269 274/273/270
f 274/273/270 136/272/269 275/274/271
f 274/273/270 275/274/271 249/275/272
f 249/275/272 275/274/271 248/276/273
f 249/275/272 248/276/273 277/277/274
f 277/277/274 248/276/273 276/278/275
f 277/277/274 276/278/275 290/279/276
f 290/279/276 276/278/275 289/280/277
f 290/279/276 289/280/277 127/281/278
f 95/256/253 94/282/146 139/258/255
f 139/258/255 94/282/146 117/283/279
f 139/258/255 117/283/279 180/260/257
f 180/260/257 117/283/279 153/262/259
f 117/283/279 118/284/280 153/262/259
f 153/262/259 118/284/280 137/264/261
f 118/284/280 119/285/281 137/264/261
f 137/264/261 119/285/281 220/266/263
f 220/266/263 119/285/281 193/268/265
f 193/268/265 119/285/281 120/286/282
f 193/268/265 120/286/282 121/287/283
f 193/268/265 121/287/283 221/270/267
f 221/270/267 121/287/283 122/288/284
f 221/270/267 122/288/284 136/272/269
f 136/272/269 122/288/284 123/289/285
f 136/272/269 123/289/285 275/274/271
f 275/274/271 123/289/285 248/276/273
f 123/289/285 124/290/286 248/276/273
f 248/276/273 124/290/286 276/278/275
f 124/290/286 125/291/287 276/278/275
f 276/278/275 125/291/287 289/280/277
f 125/291/287 126/292/288 289/280/277
f 289/280/277 126/292/288 127/293/289
f 129/294/290 262/295/291 128/296/292
f 128/296/292 262/295/291 261/297/293
f 128/296/292 261/297/293 135/298/294
f 135/298/294 261/297/293 260/299/295
f 135/298/294 260/299/295 288/300/296
f 288/300/296 260/299/295 259/177/174
f 288/300/296 259/177/174 287/179/176
f 130/301/297 234/302/298 129/294/290
f 129/294/290 234/302/298 247/303/299
f 129/294/290 247/303/299 262/295/291
f 262/295/291 247/303/299 246/304/300
f 262/295/291 246/304/300 263/305/301
f 263/305/301 246/304/300 245/173/170
f 263/305/301 245/173/170 264/175/172
f 234/302/298 130/301/297 206/306/302
f 206/306/302 130/301/297 131/307/303
f 206/306/302 131/307/303 132/308/304
f 133/309/305 138/310/306 132/308/304
f 132/308/304 138/310/306 207/311/307
f 132/308/304 207/311/307 206/306/302
f 206/306/302 207/311/307 208/312/308
f 206/306/302 208/312/308 205/313/309
f 205/313/309 208/312/308 209/167/164
f 205/313/309 209/167/164 204/169/166
f 138/310/306 133/309/305 166/314/310
f 166/314/310 133/309/305 134/153/150
f 166/314/310 134/153/150 167/315/311
f 167/315/311 134/153/150 140/155/152
f 167/315/311 140/155/152 152/157/154
f 290/279/276 127/316/312 291/317/313
f 291/317/313 127/318/314 292/319/315
f 292/319/315 127/320/316 293/251/248
f 295/236/233 127/321/317 296/322/318
f 296/322/318 127/323/319 297/210/207
f 300/181/178 127/324/320 301/325/321
f 301/325/321 127/326/322 302/327/323
f 142/255/252 141/257/254 178/328/324
f 178/328/324 141/257/254 179/259/256
f 178/328/324 179/259/256 155/329/325
f 155/329/325 179/259/256 154/261/258
f 155/329/325 154/261/258 182/330/326
f 182/330/326 154/261/258 181/263/260
f 182/330/326 181/263/260 218/331/327
f 218/331/327 181/263/260 219/265/262
f 218/331/327 219/265/262 195/332/328
f 195/332/328 219/265/262 194/267/264
f 195/332/328 194/267/264 223/333/329
f 223/333/329 194/267/264 222/269/266
f 223/333/329 222/269/266 236/334/330
f 236/334/330 222/269/266 235/271/268
f 236/334/330 235/271/268 273/335/331
f 273/335/331 235/271/268 274/273/270
f 273/335/331 274/273/270 250/336/332
f 250/336/332 274/273/270 249/275/272
f 250/336/332 249/275/272 278/337/333
f 278/337/333 249/275/272 277/277/274
f 278/337/333 277/277/274 291/317/313
f 291/317/313 277/277/274 290/279/276
f 176/241/238 144/240/237 143/253/250
f 143/253/250 142/255/252 177/338/334
f 177/338/334 142/255/252 178/328/324
f 177/338/334 178/328/324 156/339/335
f 156/339/335 178/328/324 155/329/325
f 156/339/335 155/329/325 183/340/336
f 183/340/336 155/329/325 182/330/326
f 183/340/336 182/330/326 217/341/337
f 217/341/337 182/330/326 218/331/327
f 217/341/337 218/331/327 196/342/338
f 196/342/338 218/331/327 195/332/328
f 196/342/338 195/332/328 224/343/339
f 224/343/339 195/332/328 223/333/329
f 224/343/339 223/333/329 237/344/340
f 237/344/340 223/333/329 236/334/330
f 237/344/340 236/334/330 272/345/341
f 272/345/341 236/334/330 273/335/331
f 272/345/341 273/335/331 251/346/342
f 251/346/342 273/335/331 250/336/332
f 251/346/342 250/336/332 279/347/343
f 279/347/343 250/336/332 278/337/333
f 279/347/343 278/337/333 292/319/315
f 292/319/315 278/337/333 291/317/313
f 172/200/197 148/199/196 147/212/209
f 147/212/209 146/214/211 173/348/344
f 173/348/344 146/214/211 174/216/213
f 173/348/344 174/216/213 160/349/345
f 160/349/345 174/216/213 159/218/215
f 160/349/345 159/218/215 187/350/346
f 187/350/346 159/218/215 186/220/217
f 187/350/346 186/220/217 213/351/347
f 213/351/347 186/220/217 214/222/219
f 213/351/347 214/222/219 200/352/348
f 200/352/348 214/222/219 199/224/221
f 200/352/348 199/224/221 228/353/349
f 228/353/349 199/224/221 227/226/223
f 228/353/349 227/226/223 241/354/350
f 241/354/350 227/226/223 240/228/225
f 241/354/350 240/228/225 268/355/351
f 268/355/351 240/228/225 269/230/227
f 268/355/351 269/230/227 255/356/352
f 255/356/352 269/230/227 254/232/229
f 255/356/352 254/232/229 283/357/353
f 283/357/353 254/232/229 282/234/231
f 283/357/353 282/234/231 296/322/318
f 296/322/318 282/234/231 295/236/233
f 152/157/154 151/159/156 168/358/354
f 168/358/354 151/159/156 169/161/158
f 168/358/354 169/161/158 165/359/355
f 165/359/355 169/161/158 164/163/160
f 165/359/355 164/163/160 192/360/356
f 192/360/356 164/163/160 191/165/162
f 192/360/356 191/165/162 208/312/308
f 208/312/308 191/165/162 209/167/164
f 156/339/335 157/242/239 177/338/334
f 177/338/334 157/242/239 176/241/238
f 177/338/334 176/241/238 143/253/250
f 157/242/239 156/339/335 184/243/240
f 184/243/240 156/339/335 183/340/336
f 184/243/240 183/340/336 216/244/241
f 216/244/241 183/340/336 217/341/337
f 216/244/241 217/341/337 197/245/242
f 197/245/242 217/341/337 196/342/338
f 197/245/242 196/342/338 225/246/243
f 225/246/243 196/342/338 224/343/339
f 225/246/243 224/343/339 238/247/244
f 238/247/244 224/343/339 237/344/340
f 238/247/244 237/344/340 271/248/245
f 271/248/245 237/344/340 272/345/341
f 271/248/245 272/345/341 252/249/246
f 252/249/246 272/345/341 251/346/342
f 252/249/246 251/346/342 280/250/247
f 280/250/247 251/346/342 279/347/343
f 280/250/247 279/347/343 293/251/248
f 293/251/248 279/347/343 292/319/315
f 160/349/345 161/201/198 173/348/344
f 173/348/344 161/201/198 172/200/197
f 173/348/344 172/200/197 147/212/209
f 161/201/198 160/349/345 188/202/199
f 188/202/199 160/349/345 187/350/346
f 188/202/199 187/350/346 212/203/200
f 212/203/200 187/350/346 213/351/347
f 212/203/200 213/351/347 201/204/201
f 201/204/201 213/351/347 200/352/348
f 201/204/201 200/352/348 229/205/202
f 229/205/202 200/352/348 228/353/349
f 229/205/202 228/353/349 242/206/203
f 242/206/203 228/353/349 241/354/350
f 242/206/203 241/354/350 267/207/204
f 267/207/204 241/354/350 268/355/351
f 267/207/204 268/355/351 256/208/205
f 256/208/205 268/355/351 255/356/352
f 256/208/205 255/356/352 284/209/206
f 284/209/206 255/356/352 283/357/353
f 284/209/206 283/357/353 297/210/207
f 297/210/207 283/357/353 296/322/318
f 165/359/355 166/314/310 168/358/354
f 168/358/354 166/314/310 167/315/311
f 168/358/354 167/315/311 152/157/154
f 166/314/310 165/359/355 138/310/306
f 138/310/306 165/359/355 192/360/356
f 138/310/306 192/360/356 207/311/307
f 207/311/307 192/360/356 208/312/308
f 234/302/298 206/306/302 205/313/309
f 205/313/309 204/169/166 233/361/357
f 233/361/357 204/169/166 232/171/168
f 233/361/357 232/171/168 246/304/300
f 246/304/300 232/171/168 245/173/170
f 247/303/299 234/302/298 233/361/357
f 233/361/357 234/302/298 205/313/309
f 247/303/299 233/361/357 246/304/300
f 263/305/301 264/175/172 260/299/295
f 260/299/295 264/175/172 259/177/174
f 262/295/291 263/305/301 261/297/293
f 261/297/293 263/305/301 260/299/295
f 128/296/292 135/298/294 302/327/323
f 302/327/323 135/298/294 288/300/296
f 302/327/323 288/300/296 301/325/321
f 301/325/321 288/300/296 287/179/176
f 301/325/321 287/179/176 300/181/178
f 127/362/358 128/296/292 302/327/323
f 126/363/359 125/364/360 127/365/361
f 127/365/361 125/364/360 31/366/362
f 31/366/362 125/364/360 124/367/363
f 31/366/362 124/367/363 32/368/364
f 32/368/364 124/367/363 123/369/365
f 32/368/364 123/369/365 33/370/366
f 33/370/366 123/369/365 122/371/367
f 33/370/366 122/371/367 34/372/368
f 34/372/368 122/371/367 121/373/369
f 34/372/368 121/373/369 35/374/370
f 35/374/370 121/373/369 120/375/371
f 35/374/370 120/375/371 36/376/372
f 36/376/372 120/375/371 37/377/373
f 37/377/373 120/375/371 119/378/374
f 37/377/373 119/378/374 38/379/375
f 38/379/375 119/378/374 118/380/376
f 38/379/375 118/380/376 39/381/377
f 39/381/377 118/380/376 40/382/378
f 40/382/378 118/380/376 117/383/379
f 40/382/378 117/383/379 41/384/380
f 41/384/380 117/383/379 94/385/146
f 41/384/380 94/385/146 42/386/381
f 42/386/381 94/385/146 93/387/382
f 42/386/381 93/387/382 43/388/383
f 43/388/383 93/387/382 92/389/148
f 134/390/384 133/391/385 103/392/386
f 103/392/386 133/391/385 318/393/387
f 103/392/386 318/393/387 312/394/388
f 312/394/388 318/393/387 323/395/389
f 312/394/388 323/395/389 311/396/390
f 311/396/390 323/395/389 324/397/391
f 311/396/390 324/397/391 310/398/392
f 310/398/392 324/397/391 309/399/393
f 309/399/393 324/397/391 308/400/394
f 308/400/394 324/397/391 325/401/395
f 308/400/394 325/401/395 307/402/396
f 307/402/396 325/401/395 326/403/397
f 307/402/396 326/403/397 327/404/398
f 327/404/398 326/403/397 321/405/399
f 327/404/398 321/405/399 320/406/400
f 320/406/400 321/405/399 316/407/401
f 320/406/400 316/407/401 315/408/402
f 315/408/402 316/407/401 131/409/403
f 315/408/402 131/409/403 130/410/404
f 318/393/387 133/391/385 317/411/405
f 317/411/405 133/391/385 132/412/406
f 317/411/405 132/412/406 316/407/401
f 316/407/401 132/412/406 131/409/403
f 315/408/402 130/410/404 314/413/407
f 314/413/407 130/410/404 129/414/408
f 314/413/407 129/414/408 319/415/409
f 319/415/409 129/414/408 313/416/410
f 319/415/409 313/416/410 329/417/411
f 329/417/411 313/416/410 330/418/412
f 329/417/411 330/418/412 304/419/413
f 304/419/413 330/418/412 127/420/414
f 304/419/413 127/420/414 303/421/415
f 129/414/408 128/422/416 313/416/410
f 313/416/410 128/422/416 330/418/412
f 128/422/416 127/420/414 330/418/412
f 304/419/413 305/423/417 329/417/411
f 329/417/411 305/423/417 328/424/418
f 329/417/411 328/424/418 319/415/409
f 319/415/409 328/424/418 320/406/400
f 319/415/409 320/406/400 315/408/402
f 305/423/417 306/425/419 328/424/418
f 328/424/418 306/425/419 327/404/398
f 328/424/418 327/404/398 320/406/400
f 306/425/419 307/402/396 327/404/398
f 325/401/395 324/397/391 323/395/389
f 319/415/409 315/408/402 314/413/407
f 316/407/401 321/405/399 317/411/405
f 317/411/405 321/405/399 322/426/420
f 317/411/405 322/426/420 318/393/387
f 318/393/387 322/426/420 323/395/389
f 325/401/395 323/395/389 322/426/420
f 325/401/395 322/426/420 326/403/397
f 326/403/397 322/426/420 321/405/399
f 30/427/421 29/428/422 303/429/415
f 303/429/415 29/428/422 304/430/423
f 304/430/423 29/428/422 28/431/424
f 304/430/423 28/431/424 305/432/425
f 305/432/425 28/431/424 27/433/426
f 305/432/425 27/433/426 26/434/427
f 305/432/425 26/434/427 306/435/419
f 306/435/419 26/434/427 25/436/428
f 306/435/419 25/436/428 307/437/429
f 307/437/429 25/436/428 24/438/430
f 307/437/429 24/438/430 308/439/431
f 308/439/431 24/438/430 23/440/432
f 308/439/431 23/440/432 309/441/393
f 309/441/393 23/440/432 22/442/433
f 92/443/148 91/444/434 352/445/435
f 352/445/435 91/444/434 360/446/436
f 352/445/435 360/446/436 351/447/437
f 351/447/437 360/446/436 368/448/438
f 351/447/437 368/448/438 350/449/439
f 350/449/439 368/448/438 376/450/440
f 350/449/439 376/450/440 349/451/441
f 349/451/441 376/450/440 384/452/442
f 349/451/441 384/452/442 348/453/443
f 348/453/443 384/452/442 392/454/444
f 348/453/443 392/454/444 347/455/445
f 347/455/445 392/454/444 400/456/446
f 347/455/445 400/456/446 346/457/447
f 346/457/447 400/456/446 345/458/448
f 345/458/448 400/456/446 399/459/449
f 345/458/448 399/459/449 344/460/450
f 344/460/450 399/459/449 398/461/451
f 344/460/450 398/461/451 343/462/452
f 343/462/452 398/461/451 397/463/453
f 343/462/452 397/463/453 342/464/454
f 342/464/454 397/463/453 396/465/455
f 342/464/454 396/465/455 341/466/456
f 341/466/456 396/465/455 395/467/457
f 341/466/456 395/467/457 340/468/458
f 340/468/458 395/467/457 394/469/459
f 340/468/458 394/469/459 339/470/460
f 339/470/460 394/469/459 393/471/461
f 339/470/460 393/471/461 338/472/462
f 338/472/462 393/471/461 336/473/463
f 338/472/462 336/473/463 337/474/464
f 91/444/434 90/475/465 360/446/436
f 360/446/436 90/475/465 359/476/466
f 360/446/436 359/476/466 368/448/438
f 368/448/438 359/476/466 367/477/467
f 368/448/438 367/477/467 376/450/440
f 376/450/440 367/477/467 375/478/468
f 376/450/440 375/478/468 384/452/442
f 384/452/442 375/478/468 383/479/469
f 384/452/442 383/479/469 392/454/444
f 392/454/444 383/479/469 391/480/470
f 392/454/444 391/480/470 400/456/446
f 400/456/446 391/480/470 399/459/449
f 90/475/465 89/481/471 359/476/466
f 359/476/466 89/481/471 358/482/472
f 359/476/466 358/482/472 367/477/467
f 367/477/467 358/482/472 366/483/473
f 367/477/467 366/483/473 375/478/468
f 375/478/468 366/483/473 374/484/474
f 375/478/468 374/484/474 383/479/469
f 383/479/469 374/484/474 382/485/475
f 383/479/469 382/485/475 391/480/470
f 391/480/470 382/485/475 390/486/476
f 391/480/470 390/486/476 399/459/449
f 399/459/449 390/486/476 398/461/451
f 89/481/471 88/487/477 358/482/472
f 358/482/472 88/487/477 357/488/478
f 358/482/472 357/488/478 366/483/473
f 366/483/473 357/488/478 365/489/479
f 366/483/473 365/489/479 374/484/474
f 374/484/474 365/489/479 373/490/480
f 374/484/474 373/490/480 382/485/475
f 382/485/475 373/490/480 381/491/481
f 382/485/475 381/491/481 390/486/476
f 390/486/476 381/491/481 389/492/482
f 390/486/476 389/492/482 398/461/451
f 398/461/451 389/492/482 397/463/453
f 88/487/477 87/493/483 357/488/478
f 357/488/478 87/493/483 356/494/484
f 357/488/478 356/494/484 365/489/479
f 365/489/479 356/494/484 364/495/485
f 365/489/479 364/495/485 373/490/480
f 373/490/480 364/495/485 372/496/486
f 373/490/480 372/496/486 381/491/481
f 381/491/481 372/496/486 380/497/487
f 381/491/481 380/497/487 389/492/482
f 389/492/482 380/497/487 388/498/488
f 389/492/482 388/498/488 397/463/453
f 397/463/453 388/498/488 396/465/455
f 87/493/483 86/499/489 356/494/484
f 356/494/484 86/499/489 355/500/490
f 356/494/484 355/500/490 364/495/485
f 364/495/485 355/500/490 363/501/491
f 364/495/485 363/501/491 372/496/486
f 372/496/486 363/501/491 371/502/492
f 372/496/486 371/502/492 380/497/487
f 380/497/487 371/502/492 379/503/493
f 380/497/487 379/503/493 388/498/488
f 388/498/488 379/503/493 387/504/494
f 388/498/488 387/504/494 396/465/455
f 396/465/455 387/504/494 395/467/457
f 86/499/489 85/505/495 355/500/490
f 355/500/490 85/505/495 354/506/496
f 355/500/490 354/506/496 363/501/491
f 363/501/491 354/506/496 362/507/497
f 363/501/491 362/507/497 371/502/492
f 371/502/492 362/507/497 370/508/498
f 371/502/492 370/508/498 379/503/493
f 379/503/493 370/508/498 378/509/499
f 379/503/493 378/509/499 387/504/494
f 387/504/494 378/509/499 386/510/500
f 387/504/494 386/510/500 395/467/457
f 395/467/457 386/510/500 394/469/459
f 85/505/495 84/511/501 354/506/496
f 354/506/496 84/511/501 353/512/502
f 354/506/496 353/512/502 362/507/497
f 362/507/497 353/512/502 361/513/503
f 362/507/497 361/513/503 370/508/498
f 370/508/498 361/513/503 369/514/504
f 370/508/498 369/514/504 378/509/499
f 378/509/499 369/514/504 377/515/505
f 378/509/499 377/515/505 386/510/500
f 386/510/500 377/515/505 385/516/506
f 386/510/500 385/516/506 394/469/459
f 394/469/459 385/516/506 393/471/461
f 84/511/501 83/517/507 353/512/502
f 353/512/502 83/517/507 331/518/508
f 353/512/502 331/518/508 361/513/503
f 361/513/503 331/518/508 332/519/509
f 361/513/503 332/519/509 369/514/504
f 369/514/504 332/519/509 333/520/510
f 369/514/504 333/520/510 377/515/505
f 377/515/505 333/520/510 334/521/511
f 377/515/505 334/521/511 385/516/506
f 385/516/506 334/521/511 335/522/512
f 385/516/506 335/522/512 393/471/461
f 393/471/461 335/522/512 336/473/463
f 104/523/513 103/524/151 83/525/507
f 83/525/507 103/524/151 312/526/514
f 83/525/507 312/526/514 415/527/515
f 415/527/515 312/526/514 311/528/516
f 415/527/515 311/528/516 414/529/517
f 414/529/517 311/528/516 310/530/518
f 414/529/517 310/530/518 413/531/519
f 413/531/519 310/530/518 21/532/520
f 413/531/519 21/532/520 20/533/521
f 309/534/393 401/535/522 310/530/518
f 310/530/518 401/535/522 402/536/523
f 310/530/518 402/536/523 21/532/520
f 413/531/519 20/533/521 416/537/524
f 416/537/524 20/533/521 19/538/525
f 416/537/524 19/538/525 419/539/526
f 419/539/526 19/538/525 82/540/527
f 419/539/526 82/540/527 422/541/528
f 422/541/528 82/540/527 81/542/529
f 422/541/528 81/542/529 80/543/530
f 422/541/528 80/543/530 425/544/531
f 425/544/531 80/543/530 79/545/532
f 425/544/531 79/545/532 428/546/533
f 428/546/533 79/545/532 403/547/534
f 428/546/533 403/547/534 431/548/535
f 431/548/535 403/547/534 404/549/536
f 431/548/535 404/549/536 405/550/537
f 405/550/537 406/551/538 431/548/535
f 431/548/535 406/551/538 407/552/539
f 431/548/535 407/552/539 408/553/540
f 431/548/535 408/553/540 432/554/541
f 432/554/541 408/553/540 409/555/542
f 432/554/541 409/555/542 410/556/543
f 432/554/541 410/556/543 433/557/544
f 433/557/544 410/556/543 411/558/545
f 433/557/544 411/558/545 337/559/464
f 337/559/464 411/558/545 412/560/546
f 337/559/464 336/561/463 433/557/544
f 433/557/544 336/561/463 430/562/547
f 433/557/544 430/562/547 429/563/548
f 429/563/548 430/562/547 426/564/549
f 429/563/548 426/564/549 425/544/531
f 425/544/531 426/564/549 422/541/528
f 336/561/463 335/565/512 430/562/547
f 430/562/547 335/565/512 427/566/550
f 430/562/547 427/566/550 426/564/549
f 426/564/549 427/566/550 423/567/551
f 426/564/549 423/567/551 422/541/528
f 422/541/528 423/567/551 419/539/526
f 335/565/512 334/568/511 427/566/550
f 427/566/550 334/568/511 424/569/552
f 427/566/550 424/569/552 423/567/551
f 423/567/551 424/569/552 420/570/553
f 423/567/551 420/570/553 419/539/526
f 419/539/526 420/570/553 416/537/524
f 334/568/511 333/571/510 424/569/552
f 424/569/552 333/571/510 421/572/554
f 424/569/552 421/572/554 420/570/553
f 420/570/553 421/572/554 417/573/555
f 420/570/553 417/573/555 416/537/524
f 416/537/524 417/573/555 413/531/519
f 333/571/510 332/574/509 421/572/554
f 421/572/554 332/574/509 418/575/556
f 421/572/554 418/575/556 417/573/555
f 417/573/555 418/575/556 414/529/517
f 417/573/555 414/529/517 413/531/519
f 332/574/509 331/576/508 418/575/556
f 418/575/556 331/576/508 415/527/515
f 418/575/556 415/527/515 414/529/517
f 331/576/508 83/525/507 415/527/515
f 425/544/531 428/546/533 429/563/548
f 429/563/548 428/546/533 432/554/541
f 429/563/548 432/554/541 433/557/544
f 431/548/535 432/554/541 428/546/533
f 309/577/393 22/578/433 401/579/522
f 401/579/522 22/578/433 402/580/523
f 402/580/523 22/578/433 21/581/520
f 346/582/447 345/583/557 443/584/558
f 443/584/558 345/583/557 455/585/559
f 443/584/558 455/585/559 442/586/560
f 442/586/560 455/585/559 441/587/561
f 441/587/561 455/585/559 454/588/562
f 441/587/561 454/588/562 440/589/563
f 440/589/563 454/588/562 453/590/564
f 440/589/563 453/590/564 439/591/565
f 439/591/565 453/590/564 452/592/566
f 439/591/565 452/592/566 438/593/567
f 438/593/567 452/592/566 451/594/568
f 438/593/567 451/594/568 437/595/569
f 437/595/569 451/594/568 450/596/570
f 437/595/569 450/596/570 449/597/571
f 449/597/571 450/596/570 341/598/572
f 449/597/571 341/598/572 340/599/573
f 345/583/557 344/600/574 455/585/559
f 455/585/559 344/600/574 454/588/562
f 344/600/574 343/601/575 454/588/562
f 454/588/562 343/601/575 453/590/564
f 453/590/564 343/601/575 452/592/566
f 452/592/566 343/601/575 342/602/576
f 452/592/566 342/602/576 451/594/568
f 451/594/568 342/602/576 341/598/572
f 451/594/568 341/598/572 450/596/570
f 339/603/577 447/604/578 340/599/573
f 340/599/573 447/604/578 448/605/579
f 340/599/573 448/605/579 449/597/571
f 449/597/571 448/605/579 436/606/580
f 449/597/571 436/606/580 437/595/569
f 447/604/578 339/603/577 446/607/581
f 446/607/581 339/603/577 338/608/582
f 446/607/581 338/608/582 445/609/583
f 445/609/583 338/608/582 444/610/584
f 445/609/583 444/610/584 434/611/585
f 434/611/585 444/610/584 411/612/545
f 411/612/545 444/610/584 412/613/586
f 412/613/586 444/610/584 337/614/464
f 337/614/464 444/610/584 338/608/582
f 445/609/583 434/611/585 446/607/581
f 446/607/581 434/611/585 435/615/587
f 446/607/581 435/615/587 447/604/578
f 447/604/578 435/615/587 436/606/580
f 447/604/578 436/606/580 448/605/579
f 474/616/588 442/617/560 481/618/589
f 481/618/589 442/617/560 441/619/590
f 481/618/589 441/619/590 493/620/591
f 493/620/591 441/619/590 440/621/592
f 493/620/591 440/621/592 492/622/593
f 492/622/593 440/621/592 491/623/594
f 492/622/593 491/623/594 510/624/595
f 510/624/595 491/623/594 511/625/596
f 510/624/595 511/625/596 505/626/597
f 505/626/597 511/625/596 504/627/598
f 505/626/597 504/627/598 532/628/599
f 532/628/599 504/627/598 531/629/600
f 532/628/599 531/629/600 550/630/601
f 550/630/601 531/629/600 551/631/602
f 550/630/601 551/631/602 545/632/603
f 545/632/603 551/631/602 544/633/604
f 545/632/603 544/633/604 573/634/605
f 573/634/605 544/633/604 572/635/606
f 573/634/605 572/635/606 586/636/607
f 586/636/607 572/635/606 585/637/608
f 586/636/607 585/637/608 603/638/609
f 603/638/609 585/637/608 604/639/610
f 603/638/609 604/639/610 599/640/611
f 599/640/611 604/639/610 598/641/612
f 599/640/611 598/641/612 631/642/613
f 631/642/613 598/641/612 632/643/614
f 631/642/613 632/643/614 617/644/615
f 617/644/615 632/643/614 618/645/616
f 617/644/615 618/645/616 464/646/617
f 440/621/592 439/647/618 491/623/594
f 491/623/594 439/647/618 490/648/619
f 491/623/594 490/648/619 511/625/596
f 511/625/596 490/648/619 512/649/620
f 511/625/596 512/649/620 504/627/598
f 504/627/598 512/649/620 503/650/621
f 504/627/598 503/650/621 531/629/600
f 531/629/600 503/650/621 530/651/622
f 531/629/600 530/651/622 551/631/602
f 551/631/602 530/651/622 552/652/623
f 551/631/602 552/652/623 544/633/604
f 544/633/604 552/652/623 543/653/624
f 544/633/604 543/653/624 572/635/606
f 572/635/606 543/653/624 571/654/625
f 572/635/606 571/654/625 585/637/608
f 585/637/608 571/654/625 584/655/626
f 585/637/608 584/655/626 604/639/610
f 604/639/610 584/655/626 605/656/627
f 604/639/610 605/656/627 598/641/612
f 598/641/612 605/656/627 597/657/628
f 598/641/612 597/657/628 632/643/614
f 632/643/614 597/657/628 633/658/629
f 632/643/614 633/658/629 618/645/616
f 618/645/616 633/658/629 619/659/630
f 618/645/616 619/659/630 464/660/631
f 439/647/618 438/661/632 490/648/619
f 490/648/619 438/661/632 489/662/633
f 490/648/619 489/662/633 512/649/620
f 512/649/620 489/662/633 513/663/634
f 512/649/620 513/663/634 503/650/621
f 503/650/621 513/663/634 502/664/635
f 503/650/621 502/664/635 530/651/622
f 530/651/622 502/664/635 529/665/636
f 530/651/622 529/665/636 552/652/623
f 552/652/623 529/665/636 553/666/637
f 552/652/623 553/666/637 543/653/624
f 543/653/624 553/666/637 542/667/638
f 543/653/624 542/667/638 571/654/625
f 571/654/625 542/667/638 570/668/639
f 571/654/625 570/668/639 584/655/626
f 584/655/626 570/668/639 583/669/640
f 584/655/626 583/669/640 605/656/627
f 605/656/627 583/669/640 606/670/641
f 605/656/627 606/670/641 597/657/628
f 597/657/628 606/670/641 596/671/642
f 597/657/628 596/671/642 633/658/629
f 633/658/629 596/671/642 634/672/643
f 633/658/629 634/672/643 619/659/630
f 619/659/630 634/672/643 620/673/644
f 619/659/630 620/673/644 464/674/645
f 489/662/633 438/661/632 488/675/646
f 488/675/646 438/661/632 437/676/647
f 488/675/646 437/676/647 487/677/648
f 487/677/648 437/676/647 486/678/649
f 487/677/648 486/678/649 515/679/650
f 515/679/650 486/678/649 516/680/651
f 515/679/650 516/680/651 500/681/652
f 500/681/652 516/680/651 499/682/653
f 500/681/652 499/682/653 527/683/654
f 527/683/654 499/682/653 526/684/655
f 527/683/654 526/684/655 555/685/656
f 555/685/656 526/684/655 556/686/657
f 555/685/656 556/686/657 540/687/658
f 540/687/658 556/686/657 539/688/659
f 540/687/658 539/688/659 568/689/660
f 568/689/660 539/688/659 567/690/661
f 568/689/660 567/690/661 581/691/662
f 581/691/662 567/690/661 580/692/663
f 581/691/662 580/692/663 608/693/664
f 608/693/664 580/692/663 609/694/665
f 608/693/664 609/694/665 594/695/666
f 594/695/666 609/694/665 593/696/667
f 594/695/666 593/696/667 636/697/668
f 636/697/668 593/696/667 637/698/669
f 636/697/668 637/698/669 622/699/670
f 622/699/670 637/698/669 623/700/671
f 622/699/670 623/700/671 464/701/672
f 437/676/647 436/702/673 486/678/649
f 486/678/649 436/702/673 485/703/674
f 486/678/649 485/703/674 516/680/651
f 516/680/651 485/703/674 517/704/675
f 516/680/651 517/704/675 499/682/653
f 499/682/653 517/704/675 498/705/676
f 499/682/653 498/705/676 526/684/655
f 526/684/655 498/705/676 525/706/677
f 526/684/655 525/706/677 556/686/657
f 556/686/657 525/706/677 557/707/678
f 556/686/657 557/707/678 539/688/659
f 539/688/659 557/707/678 538/708/679
f 539/688/659 538/708/679 567/690/661
f 567/690/661 538/708/679 566/709/680
f 567/690/661 566/709/680 580/692/663
f 580/692/663 566/709/680 579/710/681
f 580/692/663 579/710/681 609/694/665
f 609/694/665 579/710/681 610/711/682
f 609/694/665 610/711/682 593/696/667
f 593/696/667 610/711/682 592/712/683
f 593/696/667 592/712/683 637/698/669
f 637/698/669 592/712/683 638/713/684
f 637/698/669 638/713/684 623/700/671
f 623/700/671 638/713/684 624/714/685
f 623/700/671 624/714/685 464/715/686
f 485/703/674 436/702/673 484/716/687
f 484/716/687 436/702/673 435/717/688
f 484/716/687 435/717/688 483/718/689
f 483/718/689 435/717/688 434/719/690
f 483/718/689 434/719/690 482/720/691
f 482/720/691 434/719/690 480/721/692
f 482/720/691 480/721/692 520/722/693
f 520/722/693 480/721/692 521/723/694
f 520/722/693 521/723/694 495/724/695
f 495/724/695 521/723/694 494/725/696
f 495/724/695 494/725/696 522/726/697
f 522/726/697 494/725/696 478/727/698
f 522/726/697 478/727/698 560/728/699
f 560/728/699 478/727/698 561/729/700
f 560/728/699 561/729/700 535/730/701
f 535/730/701 561/729/700 534/731/702
f 535/730/701 534/731/702 563/732/703
f 563/732/703 534/731/702 562/733/704
f 563/732/703 562/733/704 576/734/705
f 576/734/705 562/733/704 476/735/706
f 576/734/705 476/735/706 613/736/707
f 613/736/707 476/735/706 614/737/708
f 613/736/707 614/737/708 589/738/709
f 589/738/709 614/737/708 475/739/710
f 589/738/709 475/739/710 641/740/711
f 641/740/711 475/739/710 642/741/712
f 641/740/711 642/741/712 627/742/713
f 627/742/713 642/741/712 628/743/714
f 627/742/713 628/743/714 464/744/715
f 434/719/690 411/745/545 480/721/692
f 480/721/692 411/745/545 456/746/716
f 480/721/692 456/746/716 521/723/694
f 521/723/694 456/746/716 494/725/696
f 456/746/716 457/747/717 494/725/696
f 494/725/696 457/747/717 478/727/698
f 457/747/717 458/748/718 478/727/698
f 478/727/698 458/748/718 561/729/700
f 561/729/700 458/748/718 534/731/702
f 534/731/702 458/748/718 459/749/719
f 534/731/702 459/749/719 460/750/720
f 534/731/702 460/750/720 562/733/704
f 562/733/704 460/750/720 461/751/721
f 562/733/704 461/751/721 476/735/706
f 476/735/706 461/751/721 462/752/722
f 476/735/706 462/752/722 614/737/708
f 614/737/708 462/752/722 475/739/710
f 462/752/722 463/753/723 475/739/710
f 475/739/710 463/753/723 642/741/712
f 464/754/724 465/755/725 615/756/726
f 615/756/726 465/755/725 466/757/727
f 615/756/726 466/757/727 629/758/728
f 629/758/728 466/757/727 467/759/729
f 629/758/728 467/759/729 601/760/730
f 601/760/730 467/759/729 468/761/731
f 601/760/730 468/761/731 477/762/732
f 477/762/732 468/761/731 469/763/733
f 477/762/732 469/763/733 588/764/734
f 588/764/734 469/763/733 575/765/735
f 588/764/734 575/765/735 574/766/736
f 574/766/736 575/765/735 546/767/737
f 574/766/736 546/767/737 545/632/603
f 545/632/603 546/767/737 550/630/601
f 469/763/733 470/768/738 575/765/735
f 575/765/735 470/768/738 547/769/739
f 575/765/735 547/769/739 546/767/737
f 546/767/737 547/769/739 549/770/740
f 546/767/737 549/770/740 550/630/601
f 550/630/601 549/770/740 532/628/599
f 470/768/738 471/771/741 547/769/739
f 547/769/739 471/771/741 472/772/742
f 547/769/739 472/772/742 548/773/743
f 548/773/743 472/772/742 479/774/744
f 548/773/743 479/774/744 533/775/745
f 533/775/745 479/774/744 506/776/746
f 533/775/745 506/776/746 505/626/597
f 505/626/597 506/776/746 510/624/595
f 472/772/742 473/777/747 479/774/744
f 479/774/744 473/777/747 507/778/748
f 479/774/744 507/778/748 506/776/746
f 506/776/746 507/778/748 509/779/749
f 506/776/746 509/779/749 510/624/595
f 510/624/595 509/779/749 492/622/593
f 473/777/747 474/616/588 507/778/748
f 507/778/748 474/616/588 508/780/750
f 507/778/748 508/780/750 509/779/749
f 509/779/749 508/780/750 493/620/591
f 509/779/749 493/620/591 492/622/593
f 508/780/750 474/616/588 481/618/589
f 463/753/723 464/781/751 628/743/714
f 627/742/713 464/782/752 626/783/753
f 626/783/753 464/784/754 625/785/755
f 625/785/755 464/786/756 624/714/685
f 622/699/670 464/787/757 621/788/758
f 621/788/758 464/789/759 620/673/644
f 617/644/615 464/790/760 616/791/761
f 616/791/761 464/792/762 615/756/726
f 463/753/723 628/743/714 642/741/712
f 483/718/689 482/720/691 519/793/763
f 519/793/763 482/720/691 520/722/693
f 519/793/763 520/722/693 496/794/764
f 496/794/764 520/722/693 495/724/695
f 496/794/764 495/724/695 523/795/765
f 523/795/765 495/724/695 522/726/697
f 523/795/765 522/726/697 559/796/766
f 559/796/766 522/726/697 560/728/699
f 559/796/766 560/728/699 536/797/767
f 536/797/767 560/728/699 535/730/701
f 536/797/767 535/730/701 564/798/768
f 564/798/768 535/730/701 563/732/703
f 564/798/768 563/732/703 577/799/769
f 577/799/769 563/732/703 576/734/705
f 577/799/769 576/734/705 612/800/770
f 612/800/770 576/734/705 613/736/707
f 612/800/770 613/736/707 590/801/771
f 590/801/771 613/736/707 589/738/709
f 590/801/771 589/738/709 640/802/772
f 640/802/772 589/738/709 641/740/711
f 640/802/772 641/740/711 626/783/753
f 626/783/753 641/740/711 627/742/713
f 517/704/675 485/703/674 484/716/687
f 484/716/687 483/718/689 518/803/773
f 518/803/773 483/718/689 519/793/763
f 518/803/773 519/793/763 497/804/774
f 497/804/774 519/793/763 496/794/764
f 497/804/774 496/794/764 524/805/775
f 524/805/775 496/794/764 523/795/765
f 524/805/775 523/795/765 558/806/776
f 558/806/776 523/795/765 559/796/766
f 558/806/776 559/796/766 537/807/777
f 537/807/777 559/796/766 536/797/767
f 537/807/777 536/797/767 565/808/778
f 565/808/778 536/797/767 564/798/768
f 565/808/778 564/798/768 578/809/779
f 578/809/779 564/798/768 577/799/769
f 578/809/779 577/799/769 611/810/780
f 611/810/780 577/799/769 612/800/770
f 611/810/780 612/800/770 591/811/781
f 591/811/781 612/800/770 590/801/771
f 591/811/781 590/801/771 639/812/782
f 639/812/782 590/801/771 640/802/772
f 639/812/782 640/802/772 625/785/755
f 625/785/755 640/802/772 626/783/753
f 513/663/634 489/662/633 488/675/646
f 488/675/646 487/677/648 514/813/783
f 514/813/783 487/677/648 515/679/650
f 514/813/783 515/679/650 501/814/784
f 501/814/784 515/679/650 500/681/652
f 501/814/784 500/681/652 528/815/785
f 528/815/785 500/681/652 527/683/654
f 528/815/785 527/683/654 554/816/786
f 554/816/786 527/683/654 555/685/656
f 554/816/786 555/685/656 541/817/787
f 541/817/787 555/685/656 540/687/658
f 541/817/787 540/687/658 569/818/788
f 569/818/788 540/687/658 568/689/660
f 569/818/788 568/689/660 582/819/789
f 582/819/789 568/689/660 581/691/662
f 582/819/789 581/691/662 607/820/790
f 607/820/790 581/691/662 608/693/664
f 607/820/790 608/693/664 595/821/791
f 595/821/791 608/693/664 594/695/666
f 595/821/791 594/695/666 635/822/792
f 635/822/792 594/695/666 636/697/668
f 635/822/792 636/697/668 621/788/758
f 621/788/758 636/697/668 622/699/670
f 508/780/750 481/618/589 493/620/591
f 497/804/774 498/705/676 518/803/773
f 518/803/773 498/705/676 517/704/675
f 518/803/773 517/704/675 484/716/687
f 498/705/676 497/804/774 525/706/677
f 525/706/677 497/804/774 524/805/775
f 525/706/677 524/805/775 557/707/678
f 557/707/678 524/805/775 558/806/776
f 557/707/678 558/806/776 538/708/679
f 538/708/679 558/806/776 537/807/777
f 538/708/679 537/807/777 566/709/680
f 566/709/680 537/807/777 565/808/778
f 566/709/680 565/808/778 579/710/681
f 579/710/681 565/808/778 578/809/779
f 579/710/681 578/809/779 610/711/682
f 610/711/682 578/809/779 611/810/780
f 610/711/682 611/810/780 592/712/683
f 592/712/683 611/810/780 591/811/781
f 592/712/683 591/811/781 638/713/684
f 638/713/684 591/811/781 639/812/782
f 638/713/684 639/812/782 624/714/685
f 624/714/685 639/812/782 625/785/755
f 501/814/784 502/664/635 514/813/783
f 514/813/783 502/664/635 513/663/634
f 514/813/783 513/663/634 488/675/646
f 502/664/635 501/814/784 529/665/636
f 529/665/636 501/814/784 528/815/785
f 529/665/636 528/815/785 553/666/637
f 553/666/637 528/815/785 554/816/786
f 553/666/637 554/816/786 542/667/638
f 542/667/638 554/816/786 541/817/787
f 542/667/638 541/817/787 570/668/639
f 570/668/639 541/817/787 569/818/788
f 570/668/639 569/818/788 583/669/640
f 583/669/640 569/818/788 582/819/789
f 583/669/640 582/819/789 606/670/641
f 606/670/641 582/819/789 607/820/790
f 606/670/641 607/820/790 596/671/642
f 596/671/642 607/820/790 595/821/791
f 596/671/642 595/821/791 634/672/643
f 634/672/643 595/821/791 635/822/792
f 634/672/643 635/822/792 620/673/644
f 620/673/644 635/822/792 621/788/758
f 533/775/745 505/626/597 532/628/599
f 548/773/743 533/775/745 549/770/740
f 549/770/740 533/775/745 532/628/599
f 574/766/736 545/632/603 573/634/605
f 548/773/743 549/770/740 547/769/739
f 574/766/736 573/634/605 587/823/793
f 587/823/793 573/634/605 586/636/607
f 587/823/793 586/636/607 602/824/794
f 602/824/794 586/636/607 603/638/609
f 602/824/794 603/638/609 600/825/795
f 600/825/795 603/638/609 599/640/611
f 600/825/795 599/640/611 630/826/796
f 630/826/796 599/640/611 631/642/613
f 630/826/796 631/642/613 616/791/761
f 616/791/761 631/642/613 617/644/615
f 477/762/732 588/764/734 587/823/793
f 587/823/793 588/764/734 574/766/736
f 477/762/732 587/823/793 602/824/794
f 477/762/732 602/824/794 601/760/730
f 601/760/730 602/824/794 600/825/795
f 601/760/730 600/825/795 629/758/728
f 629/758/728 600/825/795 630/826/796
f 629/758/728 630/826/796 615/756/726
f 615/756/726 630/826/796 616/791/761
f 657/827/797 643/828/798 656/829/799
f 656/829/799 643/828/798 644/830/800
f 656/829/799 644/830/800 655/831/801
f 655/831/801 644/830/800 645/832/802
f 655/831/801 645/832/802 654/833/803
f 654/833/803 645/832/802 646/834/804
f 654/833/803 646/834/804 653/835/805
f 653/835/805 646/834/804 652/836/806
f 652/836/806 646/834/804 647/837/807
f 652/836/806 647/837/807 651/838/808
f 651/838/808 647/837/807 648/839/809
f 651/838/808 648/839/809 650/840/810
f 650/840/810 648/839/809 407/841/539
f 650/840/810 407/841/539 649/842/811
f 464/843/812 463/844/813 643/845/798
f 643/845/798 463/844/813 644/846/814
f 644/846/814 463/844/813 658/847/815
f 644/846/814 658/847/815 659/848/816
f 659/848/816 658/847/815 670/849/817
f 659/848/816 670/849/817 669/850/818
f 669/850/818 670/849/817 461/851/819
f 669/850/818 461/851/819 671/852/820
f 671/852/820 461/851/819 460/853/821
f 671/852/820 460/853/821 672/854/822
f 672/854/822 460/853/821 459/855/823
f 672/854/822 459/855/823 673/856/824
f 673/856/824 459/855/823 458/857/825
f 673/856/824 458/857/825 674/858/826
f 674/858/826 458/857/825 457/859/827
f 674/858/826 457/859/827 675/860/828
f 675/860/828 457/859/827 456/861/829
f 675/860/828 456/861/829 410/862/830
f 410/862/830 456/861/829 411/863/831
f 463/844/813 462/864/832 658/847/815
f 658/847/815 462/864/832 670/849/817
f 462/864/832 461/851/819 670/849/817
f 410/862/830 409/865/833 675/860/828
f 675/860/828 409/865/833 665/866/834
f 675/860/828 665/866/834 674/858/826
f 674/858/826 665/866/834 666/867/835
f 674/858/826 666/867/835 673/856/824
f 673/856/824 666/867/835 667/868/836
f 673/856/824 667/868/836 672/854/822
f 672/854/822 667/868/836 668/869/837
f 672/854/822 668/869/837 671/852/820
f 671/852/820 668/869/837 669/850/818
f 665/866/834 409/865/833 664/870/838
f 664/870/838 409/865/833 408/871/839
f 664/870/838 408/871/839 407/872/539
f 407/872/539 648/873/840 664/870/838
f 664/870/838 648/873/840 663/874/841
f 664/870/838 663/874/841 665/866/834
f 665/866/834 663/874/841 666/867/835
f 648/873/840 647/875/842 663/874/841
f 663/874/841 647/875/842 662/876/843
f 663/874/841 662/876/843 666/867/835
f 666/867/835 662/876/843 667/868/836
f 662/876/843 647/875/842 661/877/844
f 661/877/844 647/875/842 646/878/804
f 661/877/844 646/878/804 660/879/845
f 660/879/845 646/878/804 645/880/846
f 660/879/845 645/880/846 659/848/816
f 659/848/816 645/880/846 644/846/814
f 659/848/816 669/850/818 660/879/845
f 660/879/845 669/850/818 668/869/837
f 660/879/845 668/869/837 661/877/844
f 661/877/844 668/869/837 667/868/836
f 661/877/844 667/868/836 662/876/843
f 346/881/447 443/882/847 688/883/848
f 688/883/848 443/882/847 687/884/849
f 687/884/849 443/882/847 442/885/560
f 687/884/849 442/885/560 686/886/850
f 686/886/850 442/885/560 474/887/851
f 686/886/850 474/887/851 685/888/852
f 685/888/852 474/887/851 473/889/853
f 685/888/852 473/889/853 684/890/854
f 684/890/854 473/889/853 683/891/855
f 683/891/855 473/889/853 472/892/856
f 683/891/855 472/892/856 682/893/857
f 682/893/857 472/892/856 471/894/858
f 682/893/857 471/894/858 681/895/859
f 681/895/859 471/894/858 680/896/860
f 680/896/860 471/894/858 470/897/861
f 680/896/860 470/897/861 679/898/862
f 679/898/862 470/897/861 469/899/863
f 679/898/862 469/899/863 678/900/864
f 678/900/864 469/899/863 468/901/865
f 678/900/864 468/901/865 677/902/866
f 677/902/866 468/901/865 467/903/867
f 677/902/866 467/903/867 676/904/868
f 676/904/868 467/903/867 466/905/869
f 676/904/868 466/905/869 465/906/870
f 465/906/870 464/907/871 676/904/868
f 407/908/539 406/909/538 649/910/811
f 649/910/811 406/909/538 405/911/537
f 649/910/811 405/911/537 404/912/536
f 92/913/148 703/914/872 43/915/383
f 43/915/383 703/914/872 704/916/873
f 43/915/383 704/916/873 44/917/874
f 44/917/874 704/916/873 45/918/875
f 45/918/875 704/916/873 705/919/876
f 45/918/875 705/919/876 46/920/877
f 46/920/877 705/919/876 47/921/878
f 47/921/878 705/919/876 706/922/879
f 47/921/878 706/922/879 48/923/880
f 92/913/148 352/924/435 703/914/872
f 703/914/872 352/924/435 702/925/881
f 702/925/881 352/924/435 351/926/437
f 702/925/881 351/926/437 701/927/882
f 701/927/882 351/926/437 350/928/439
f 701/927/882 350/928/439 700/929/883
f 700/929/883 350/928/439 349/930/441
f 700/929/883 349/930/441 699/931/884
f 699/931/884 349/930/441 348/932/443
f 699/931/884 348/932/443 698/933/885
f 698/933/885 348/932/443 347/934/445
f 698/933/885 347/934/445 697/935/886
f 697/935/886 347/934/445 346/936/447
f 697/935/886 346/936/447 688/937/848
f 697/935/886 688/937/848 696/938/887
f 696/938/887 688/937/848 689/939/888
f 696/938/887 689/939/888 690/940/889
f 696/938/887 690/940/889 695/941/890
f 695/941/890 690/940/889 691/942/891
f 695/941/890 691/942/891 692/943/892
f 693/944/893 694/945/894 692/943/892
f 692/943/892 694/945/894 695/941/890
f 657/946/797 676/947/868 643/948/798
f 643/948/798 676/947/868 464/949/871
f 127/950/361 31/951/362 303/952/415
f 303/952/415 31/951/362 30/953/421
f 12/954/895 79/955/896 13/956/897
f 13/956/897 79/955/896 78/957/898
f 13/956/897 78/957/898 77/958/899
f 79/955/896 12/954/895 403/959/900
f 403/959/900 12/954/895 11/960/901
f 403/959/900 11/960/901 707/961/902
f 707/961/902 11/960/901 3/962/903
f 707/961/902 708/963/904 403/959/900
f 403/959/900 708/963/904 709/964/905
f 403/959/900 709/964/905 710/965/906
f 711/966/907 712/967/908 710/965/906
f 710/965/906 712/967/908 713/968/909
f 710/965/906 713/968/909 714/969/910
f 715/970/911 725/971/912 714/969/910
f 714/969/910 725/971/912 726/972/913
f 714/969/910 726/972/913 404/973/914
f 404/973/914 726/972/913 649/974/915
f 649/974/915 726/972/913 650/975/916
f 650/975/916 726/972/913 728/976/917
f 650/975/916 728/976/917 651/977/918
f 651/977/918 728/976/917 652/978/919
f 652/978/919 728/976/917 653/979/920
f 653/979/920 728/976/917 654/980/921
f 654/980/921 728/976/917 655/981/922
f 655/981/922 728/976/917 656/982/923
f 656/982/923 728/976/917 657/983/924
f 657/983/924 728/976/917 730/984/925
f 657/983/924 730/984/925 676/985/926
f 676/985/926 730/984/925 677/986/927
f 677/986/927 730/984/925 678/987/928
f 678/987/928 730/984/925 679/988/929
f 679/988/929 730/984/925 680/989/930
f 680/989/930 730/984/925 681/990/931
f 681/990/931 730/984/925 682/991/932
f 682/991/932 730/984/925 683/992/933
f 683/992/933 730/984/925 689/993/934
f 683/992/933 689/993/934 684/994/935
f 684/994/935 689/993/934 685/995/936
f 685/995/936 689/993/934 686/996/937
f 686/996/937 689/993/934 687/997/938
f 687/997/938 689/993/934 688/998/939
f 725/971/912 715/970/911 720/999/940
f 720/999/940 715/970/911 716/1000/941
f 720/999/940 716/1000/941 719/1001/942
f 719/1001/942 716/1000/941 717/1002/943
f 719/1001/942 717/1002/943 718/1003/944
f 725/971/912 720/999/940 727/1004/945
f 727/1004/945 720/999/940 721/1005/946
f 727/1004/945 721/1005/946 729/1006/947
f 729/1006/947 721/1005/946 722/1007/948
f 729/1006/947 722/1007/948 731/1008/949
f 731/1008/949 722/1007/948 723/1009/950
f 731/1008/949 723/1009/950 724/1010/951
f 724/1010/951 693/1011/952 731/1008/949
f 731/1008/949 693/1011/952 732/1012/953
f 731/1008/949 732/1012/953 729/1006/947
f 729/1006/947 732/1012/953 730/984/925
f 729/1006/947 730/984/925 727/1004/945
f 727/1004/945 730/984/925 728/976/917
f 727/1004/945 728/976/917 725/971/912
f 725/971/912 728/976/917 726/972/913
f 692/1013/954 691/1014/955 693/1011/952
f 693/1011/952 691/1014/955 732/1012/953
f 691/1014/955 690/1015/956 732/1012/953
f 732/1012/953 690/1015/956 689/993/934
f 732/1012/953 689/993/934 730/984/925
f 714/969/910 404/973/914 710/965/906
f 710/965/906 404/973/914 403/959/900
f 744/1016/957 733/1017/958 743/1018/959
f 743/1018/959 733/1017/958 734/1019/960
f 743/1018/959 734/1019/960 742/1020/961
f 742/1020/961 734/1019/960 735/1021/962
f 742/1020/961 735/1021/962 741/1022/963
f 741/1022/963 735/1021/962 736/1023/964
f 741/1022/963 736/1023/964 740/1024/965
f 740/1024/965 736/1023/964 737/1025/966
f 740/1024/965 737/1025/966 739/1026/967
f 739/1026/967 737/1025/966 738/1027/968
f 745/1028/969 746/1029/970 757/1030/971
f 757/1030/971 746/1029/970 756/1031/972
f 756/1031/972 746/1029/970 739/1032/967
f 739/1032/967 746/1029/970 740/1033/965
f 740/1033/965 746/1029/970 747/1034/973
f 740/1033/965 747/1034/973 748/1035/974
f 740/1033/965 748/1035/974 741/1036/963
f 741/1036/963 748/1035/974 749/1037/975
f 741/1036/963 749/1037/975 742/1038/961
f 742/1038/961 749/1037/975 750/1039/976
f 742/1038/961 750/1039/976 751/1040/977
f 742/1038/961 751/1040/977 743/1041/959
f 743/1041/959 751/1040/977 752/1042/978
f 743/1041/959 752/1042/978 744/1043/957
f 744/1043/957 752/1042/978 755/1044/979
f 755/1044/979 752/1042/978 754/1045/980
f 754/1045/980 752/1042/978 753/1046/981
f 753/1047/982 3/1048/983 758/1049/984
f 758/1049/984 3/1048/983 2/1050/985
f 758/1049/984 2/1050/985 760/1051/986
f 760/1051/986 2/1050/985 1/1052/987
f 760/1051/986 1/1052/987 759/1053/988
f 3/1048/983 753/1047/982 707/1054/989
f 707/1054/989 753/1047/982 752/1055/990
f 707/1054/989 752/1055/990 751/1056/991
f 751/1056/991 750/1057/992 707/1054/989
f 707/1054/989 750/1057/992 749/1058/993
f 707/1054/989 749/1058/993 748/1059/994
f 748/1059/994 747/1060/995 707/1054/989
f 707/1054/989 747/1060/995 746/1061/996
f 707/1054/989 746/1061/996 745/1062/997
f 767/1063/998 745/1064/999 698/1065/1000
f 698/1065/1000 745/1064/999 757/1066/1001
f 698/1065/1000 757/1066/1001 756/1067/1002
f 756/1067/1002 739/1068/1003 698/1065/1000
f 698/1065/1000 739/1068/1003 699/1069/1004
f 699/1069/1004 739/1068/1003 700/1070/1005
f 700/1070/1005 739/1068/1003 738/1071/1006
f 700/1070/1005 738/1071/1006 701/1072/1007
f 701/1072/1007 738/1071/1006 761/1073/1008
f 701/1072/1007 761/1073/1008 702/1074/1009
f 702/1074/1009 761/1073/1008 762/1075/1010
f 702/1074/1009 762/1075/1010 703/1076/1011
f 703/1076/1011 762/1075/1010 704/1077/1012
f 704/1077/1012 762/1075/1010 706/1078/1013
f 704/1077/1012 706/1078/1013 705/1079/1014
f 762/1075/1010 763/1080/1015 706/1078/1013
f 706/1078/1013 763/1080/1015 768/1081/1016
f 768/1081/1016 763/1080/1015 778/1082/1017
f 768/1081/1016 778/1082/1017 779/1083/1018
f 778/1082/1017 763/1080/1015 777/1084/1019
f 777/1084/1019 763/1080/1015 764/1085/1020
f 777/1084/1019 764/1085/1020 769/1086/1021
f 769/1086/1021 764/1085/1020 765/1087/1022
f 769/1086/1021 765/1087/1022 694/1088/1023
f 694/1088/1023 765/1087/1022 696/1089/1024
f 694/1088/1023 696/1089/1024 695/1090/1025
f 766/1091/1026 767/1063/998 765/1087/1022
f 765/1087/1022 767/1063/998 697/1092/1027
f 765/1087/1022 697/1092/1027 696/1089/1024
f 697/1092/1027 767/1063/998 698/1065/1000
f 770/1093/1028 771/1094/1029 769/1086/1021
f 769/1086/1021 771/1094/1029 772/1095/1030
f 769/1086/1021 772/1095/1030 773/1096/1031
f 773/1096/1031 774/1097/1032 769/1086/1021
f 769/1086/1021 774/1097/1032 775/1098/1033
f 769/1086/1021 775/1098/1033 776/1099/1034
f 776/1099/1034 777/1084/1019 769/1086/1021
f 779/1083/1018 780/1100/1035 768/1081/1016
f 768/1081/1016 780/1100/1035 781/1101/1036
f 768/1081/1016 781/1101/1036 782/1102/1037
f 782/1102/1037 783/1103/1038 768/1081/1016
f 768/1081/1016 783/1103/1038 784/1104/1039
f 768/1081/1016 784/1104/1039 785/1105/1040
f 710/1106/1041 709/1107/1042 767/1108/1043
f 767/1108/1043 709/1107/1042 745/1109/1044
f 745/1109/1044 709/1107/1042 708/1110/1045
f 745/1109/1044 708/1110/1045 707/1111/1046
f 62/1112/1047 61/1113/1048 761/1114/1049
f 761/1114/1049 61/1113/1048 60/1115/1050
f 761/1114/1049 60/1115/1050 762/1116/1051
f 762/1116/1051 60/1115/1050 59/1117/1052
f 786/1118/1053 10/1119/1054 733/1120/1055
f 733/1120/1055 10/1119/1054 62/1121/1056
f 733/1120/1055 62/1121/1056 734/1122/1057
f 734/1122/1057 62/1121/1056 735/1123/1058
f 735/1123/1058 62/1121/1056 736/1124/1059
f 736/1124/1059 62/1121/1056 737/1125/1060
f 737/1125/1060 62/1121/1056 761/1126/1061
f 737/1125/1060 761/1126/1061 738/1127/1062
f 10/1119/1054 786/1118/1053 7/1128/1063
f 7/1128/1063 786/1118/1053 787/1129/1064
f 7/1128/1063 787/1129/1064 789/1130/1065
f 789/1130/1065 787/1129/1064 788/1131/1066
f 789/1130/1065 8/1132/1067 7/1128/1063
f 755/1133/979 758/1134/1068 744/1135/957
f 744/1135/957 758/1134/1068 786/1136/1069
f 744/1135/957 786/1136/1069 733/1137/958
f 755/1133/979 754/1138/980 758/1134/1068
f 758/1134/1068 754/1138/980 753/1139/981
f 768/1140/1070 790/1141/1071 706/1142/879
f 706/1142/879 790/1141/1071 48/1143/880
f 48/1143/880 790/1141/1071 791/1144/1072
f 48/1143/880 791/1144/1072 792/1145/1073
f 792/1145/1073 49/1146/1074 48/1143/880
f 763/1147/1075 762/1148/1076 58/1149/1077
f 58/1149/1077 762/1148/1076 59/1150/1078
f 769/1151/1079 793/1152/1080 770/1153/1081
f 770/1153/1081 793/1152/1080 806/1154/1082
f 770/1153/1081 806/1154/1082 807/1155/1083
f 807/1155/1083 806/1154/1082 812/1156/1084
f 807/1155/1083 812/1156/1084 813/1157/1085
f 813/1157/1085 812/1156/1084 818/1158/1086
f 813/1157/1085 818/1158/1086 819/1159/1087
f 819/1159/1087 818/1158/1086 824/1160/1088
f 819/1159/1087 824/1160/1088 825/1161/1089
f 825/1161/1089 824/1160/1088 800/1162/1090
f 825/1161/1089 800/1162/1090 802/1163/1091
f 802/1163/1091 800/1162/1090 801/1164/1092
f 793/1152/1080 794/1165/1093 806/1154/1082
f 806/1154/1082 794/1165/1093 795/1166/1094
f 806/1154/1082 795/1166/1094 723/1167/950
f 723/1167/950 795/1166/1094 724/1168/951
f 806/1154/1082 723/1167/950 811/1169/1095
f 811/1169/1095 723/1167/950 722/1170/948
f 811/1169/1095 722/1170/948 816/1171/1096
f 816/1171/1096 722/1170/948 721/1172/946
f 816/1171/1096 721/1172/946 821/1173/1097
f 821/1173/1097 721/1172/946 720/1174/940
f 821/1173/1097 720/1174/940 796/1175/1098
f 796/1175/1098 720/1174/940 719/1176/942
f 796/1175/1098 797/1177/1099 821/1173/1097
f 821/1173/1097 797/1177/1099 822/1178/1100
f 821/1173/1097 822/1178/1100 816/1171/1096
f 816/1171/1096 822/1178/1100 817/1179/1101
f 816/1171/1096 817/1179/1101 811/1169/1095
f 811/1169/1095 817/1179/1101 812/1156/1084
f 811/1169/1095 812/1156/1084 806/1154/1082
f 797/1177/1099 798/1180/1102 822/1178/1100
f 822/1178/1100 798/1180/1102 823/1181/1103
f 822/1178/1100 823/1181/1103 817/1179/1101
f 817/1179/1101 823/1181/1103 818/1158/1086
f 817/1179/1101 818/1158/1086 812/1156/1084
f 798/1180/1102 799/1182/1104 823/1181/1103
f 823/1181/1103 799/1182/1104 824/1160/1088
f 823/1181/1103 824/1160/1088 818/1158/1086
f 799/1182/1104 800/1162/1090 824/1160/1088
f 802/1163/1091 803/1183/1105 825/1161/1089
f 825/1161/1089 803/1183/1105 820/1184/1106
f 825/1161/1089 820/1184/1106 819/1159/1087
f 819/1159/1087 820/1184/1106 814/1185/1107
f 819/1159/1087 814/1185/1107 813/1157/1085
f 813/1157/1085 814/1185/1107 808/1186/1108
f 813/1157/1085 808/1186/1108 807/1155/1083
f 807/1155/1083 808/1186/1108 771/1187/1109
f 807/1155/1083 771/1187/1109 770/1153/1081
f 803/1183/1105 804/1188/1110 820/1184/1106
f 820/1184/1106 804/1188/1110 815/1189/1111
f 820/1184/1106 815/1189/1111 814/1185/1107
f 814/1185/1107 815/1189/1111 809/1190/1112
f 814/1185/1107 809/1190/1112 808/1186/1108
f 808/1186/1108 809/1190/1112 773/1191/1113
f 808/1186/1108 773/1191/1113 772/1192/1114
f 804/1188/1110 805/1193/1115 815/1189/1111
f 815/1189/1111 805/1193/1115 810/1194/1116
f 815/1189/1111 810/1194/1116 809/1190/1112
f 809/1190/1112 810/1194/1116 775/1195/1117
f 809/1190/1112 775/1195/1117 774/1196/1118
f 777/1197/1119 776/1198/1120 805/1193/1115
f 805/1193/1115 776/1198/1120 810/1194/1116
f 776/1198/1120 775/1195/1117 810/1194/1116
f 774/1196/1118 773/1191/1113 809/1190/1112
f 772/1192/1114 771/1187/1109 808/1186/1108
f 719/1199/942 54/1200/79 796/1201/1098
f 796/1201/1098 54/1200/79 826/1202/1121
f 796/1201/1098 826/1202/1121 797/1203/1099
f 797/1203/1099 826/1202/1121 827/1204/1122
f 797/1203/1099 827/1204/1122 798/1205/1102
f 798/1205/1102 827/1204/1122 828/1206/1123
f 798/1205/1102 828/1206/1123 799/1207/1104
f 799/1207/1104 828/1206/1123 829/1208/1124
f 799/1207/1104 829/1208/1124 800/1209/1090
f 800/1209/1090 829/1208/1124 830/1210/1125
f 800/1209/1090 830/1210/1125 801/1211/1092
f 801/1211/1092 830/1210/1125 831/1212/1126
f 790/1213/1127 768/1214/1128 840/1215/1129
f 840/1215/1129 768/1214/1128 785/1216/1130
f 840/1215/1129 785/1216/1130 839/1217/1131
f 839/1217/1131 785/1216/1130 784/1218/1132
f 839/1217/1131 784/1218/1132 838/1219/1133
f 838/1219/1133 784/1218/1132 783/1220/1134
f 838/1219/1133 783/1220/1134 782/1221/1135
f 838/1219/1133 782/1221/1135 837/1222/1136
f 837/1222/1136 782/1221/1135 781/1223/1137
f 837/1222/1136 781/1223/1137 780/1224/1138
f 837/1222/1136 780/1224/1138 836/1225/1139
f 836/1225/1139 780/1224/1138 779/1226/1140
f 836/1225/1139 779/1226/1140 832/1227/1141
f 832/1227/1141 779/1226/1140 778/1228/1142
f 836/1225/1139 832/1227/1141 841/1229/1143
f 841/1229/1143 832/1227/1141 833/1230/1144
f 841/1229/1143 833/1230/1144 846/1231/1145
f 846/1231/1145 833/1230/1144 834/1232/1146
f 846/1231/1145 834/1232/1146 851/1233/1147
f 851/1233/1147 834/1232/1146 835/1234/1148
f 851/1233/1147 835/1234/1148 830/1235/1125
f 830/1235/1125 835/1234/1148 831/1236/1126
f 830/1235/1125 829/1237/1124 851/1233/1147
f 851/1233/1147 829/1237/1124 852/1238/1149
f 851/1233/1147 852/1238/1149 846/1231/1145
f 846/1231/1145 852/1238/1149 847/1239/1150
f 846/1231/1145 847/1239/1150 841/1229/1143
f 841/1229/1143 847/1239/1150 842/1240/1151
f 841/1229/1143 842/1240/1151 836/1225/1139
f 836/1225/1139 842/1240/1151 837/1222/1136
f 829/1237/1124 828/1241/1123 852/1238/1149
f 852/1238/1149 828/1241/1123 853/1242/1152
f 852/1238/1149 853/1242/1152 847/1239/1150
f 847/1239/1150 853/1242/1152 848/1243/1153
f 847/1239/1150 848/1243/1153 842/1240/1151
f 842/1240/1151 848/1243/1153 843/1244/1154
f 842/1240/1151 843/1244/1154 837/1222/1136
f 837/1222/1136 843/1244/1154 838/1219/1133
f 828/1241/1123 827/1245/1122 853/1242/1152
f 853/1242/1152 827/1245/1122 854/1246/1155
f 853/1242/1152 854/1246/1155 848/1243/1153
f 848/1243/1153 854/1246/1155 849/1247/1156
f 848/1243/1153 849/1247/1156 843/1244/1154
f 843/1244/1154 849/1247/1156 844/1248/1157
f 843/1244/1154 844/1248/1157 838/1219/1133
f 838/1219/1133 844/1248/1157 839/1217/1131
f 827/1245/1122 826/1249/1121 854/1246/1155
f 854/1246/1155 826/1249/1121 855/1250/1158
f 854/1246/1155 855/1250/1158 849/1247/1156
f 849/1247/1156 855/1250/1158 850/1251/1159
f 849/1247/1156 850/1251/1159 844/1248/1157
f 844/1248/1157 850/1251/1159 845/1252/1160
f 844/1248/1157 845/1252/1160 839/1217/1131
f 839/1217/1131 845/1252/1160 840/1215/1129
f 54/1253/79 53/1254/75 826/1249/1121
f 826/1249/1121 53/1254/75 855/1250/1158
f 53/1254/75 52/1255/73 855/1250/1158
f 855/1250/1158 52/1255/73 850/1251/1159
f 52/1255/73 51/1256/71 850/1251/1159
f 850/1251/1159 51/1256/71 845/1252/1160
f 51/1256/71 50/1257/70 845/1252/1160
f 845/1252/1160 50/1257/70 840/1215/1129
f 49/1258/65 792/1259/1161 50/1257/70
f 50/1257/70 792/1259/1161 840/1215/1129
f 792/1259/1161 791/1260/1162 840/1215/1129
f 840/1215/1129 791/1260/1162 790/1213/1127
f 778/1261/1142 777/1262/1119 832/1263/1141
f 832/1263/1141 777/1262/1119 805/1264/1115
f 832/1263/1141 805/1264/1115 833/1265/1144
f 833/1265/1144 805/1264/1115 804/1266/1110
f 833/1265/1144 804/1266/1110 834/1267/1146
f 834/1267/1146 804/1266/1110 803/1268/1105
f 834/1267/1146 803/1268/1105 831/1269/1126
f 831/1269/1126 803/1268/1105 801/1270/1092
f 801/1270/1092 803/1268/1105 802/1271/1091
f 831/1269/1126 835/1272/1148 834/1267/1146
f 724/1273/1163 795/1274/1164 693/1275/893
f 693/1275/893 795/1274/1164 794/1276/1165
f 693/1275/893 794/1276/1165 793/1277/1166
f 769/1278/1167 694/1279/894 793/1277/1166
f 793/1277/1166 694/1279/894 693/1275/893
f 714/1280/1168 713/1281/1169 765/1282/1170
f 765/1282/1170 713/1281/1169 766/1283/1171
f 766/1283/1171 713/1281/1169 712/1284/1172
f 766/1283/1171 712/1284/1172 711/1285/1173
f 1/1286/1174 5/1287/1175 759/1288/1176
f 759/1288/1176 5/1287/1175 788/1289/1177
f 788/1289/1177 5/1287/1175 789/1290/1178
f 58/1291/1179 57/1292/1180 763/1293/1181
f 763/1293/1181 57/1292/1180 56/1294/1182
f 763/1293/1181 56/1294/1182 55/1295/1183
f 55/1295/1183 718/1296/1184 763/1293/1181
f 763/1293/1181 718/1296/1184 764/1297/1185
f 764/1297/1185 718/1296/1184 717/1298/1186
f 764/1297/1185 717/1298/1186 716/1299/1187
f 716/1299/1187 715/1300/1188 764/1297/1185
f 54/1301/79 719/1302/942 55/1303/81
f 55/1303/81 719/1302/942 718/1304/944
f 715/1305/1189 714/1306/1190 764/1307/1191
f 764/1307/1191 714/1306/1190 765/1308/1192
f 786/1309/1193 758/1310/1194 787/1311/1195
f 787/1311/1195 758/1310/1194 760/1312/1196
f 789/1313/1197 5/1314/1198 8/1315/1199
f 8/1315/1199 5/1314/1198 6/1316/1200
f 8/1315/1199 6/1316/1200 9/1317/1201
f 787/1318/1202 760/1319/1203 788/1320/1204
f 788/1320/1204 760/1319/1203 759/1321/1205
f 767/1322/1206 766/1323/1207 710/1324/1208
f 710/1324/1208 766/1323/1207 711/1325/1209
# 855 vertices
# 1325 texture params
# 1209 normals
# 1710 facets

# 1 groups
